web-scraper-order,web-scraper-start-url,company,job-category-link,job-category-link-href,jobFunction,payPeriod,jobTitle,jobTitle-href,payPeriodCode,basePayRange,basePayMin,basePayMax,basePayAvg,totalPayAvg,payType1,pay1,range1,payType2,pay2,range2,payType3,pay3,range3,payType4,pay4,range4,payType5,pay5,range5,country,percent1,percent2,percent3,percent4,percent5
1692194693-1,https://www.glassdoor.com/Salary/Amazon-Salaries-E6036.htm,Amazon,View More >,"https://www.glassdoor.com/Salary/Amazon-Sales-Salaries-EI_IE6036.0,6_DEPT1021.htm",Amazon Sales Salaries,Annual Pay,Associate Account Executive,"https://www.glassdoor.com/Salary/Amazon-Associate-Account-Executive-Salaries-E6036_D_KO7,34.htm",/yr,$94K - $159K,$94K,$159K,$121K,"$120,761 ",Base Pay,"$66,875/yr",$53K - $84K,Bonus,"$13,473/yr",$10K - $19K,Stock,"$9,836/yr",$7K - $14K,Commission,"$30,578/yr",$23K - $43K,,,,United States,55.40%,11.20%,8.10%,25.30%,
1692194700-2,https://www.glassdoor.com/Salary/Amazon-Salaries-E6036.htm,Amazon,View More >,"https://www.glassdoor.com/Salary/Amazon-Sales-Salaries-EI_IE6036.0,6_DEPT1021.htm",Amazon Sales Salaries,Annual Pay,Sales Associate/Cashier,https://www.glassdoor.com/Salary/Amazon-Sales-Associate-Cashier-Salaries-E6036_DAO.htm?filter.jobTitleExact=Sales+Associate%2FCashier,/yr,$40K - $54K,$40K,$54K,$46K,"$46,182 ",Base Pay,"$40,767/yr",$36K - $46K,Stock,"$5,415/yr",$4K - $8K,,,,,,,,,,United States,88.30%,11.70%,,,
1692194706-3,https://www.glassdoor.com/Salary/Amazon-Salaries-E6036.htm,Amazon,View More >,"https://www.glassdoor.com/Salary/Amazon-Sales-Salaries-EI_IE6036.0,6_DEPT1021.htm",Amazon Sales Salaries,Annual Pay,Senior Account Executive,"https://www.glassdoor.com/Salary/Amazon-Senior-Account-Executive-Salaries-E6036_D_KO7,31.htm",/yr,$202K - $356K,$202K,$356K,$264K,"$264,374 ",Base Pay,"$113,976/yr",$89K - $145K,Bonus,"$39,166/yr",$29K - $55K,Stock,"$32,349/yr",$24K - $45K,Commission,"$78,884/yr",$59K - $110K,,,,United States,43.10%,14.80%,12.20%,29.80%,
1692194711-4,https://www.glassdoor.com/Salary/Amazon-Salaries-E6036.htm,Amazon,View More >,"https://www.glassdoor.com/Salary/Amazon-Sales-Salaries-EI_IE6036.0,6_DEPT1021.htm",Amazon Sales Salaries,Annual Pay,Strategic Account Manager,"https://www.glassdoor.com/Salary/Amazon-Strategic-Account-Manager-Salaries-E6036_D_KO7,32.htm",/yr,$232K - $403K,$232K,$403K,$301K,"$301,112 ",Base Pay,"$137,209/yr",$109K - $173K,Bonus,"$43,253/yr",$32K - $61K,Stock,"$41,898/yr",$31K - $59K,Commission,"$78,752/yr",$59K - $110K,,,,United States,45.60%,14.40%,13.90%,26.20%,
1692194716-5,https://www.glassdoor.com/Salary/Amazon-Salaries-E6036.htm,Amazon,View More >,"https://www.glassdoor.com/Salary/Amazon-Sales-Salaries-EI_IE6036.0,6_DEPT1021.htm",Amazon Sales Salaries,Annual Pay,Account Representative,"https://www.glassdoor.com/Salary/Amazon-Account-Representative-Salaries-E6036_D_KO7,29.htm",/yr,$79K - $135K,$79K,$135K,$102K,"$101,810 ",Base Pay,"$56,797/yr",$45K - $72K,Bonus,"$10,293/yr",$8K - $14K,Stock,"$8,769/yr",$7K - $12K,Commission,"$25,950/yr",$19K - $36K,,,,United States,55.80%,10.10%,8.60%,25.50%,
1692194724-6,https://www.glassdoor.com/Salary/Amazon-Salaries-E6036.htm,Amazon,View More >,"https://www.glassdoor.com/Salary/Amazon-Sales-Salaries-EI_IE6036.0,6_DEPT1021.htm",Amazon Sales Salaries,Annual Pay,Team Leader,"https://www.glassdoor.com/Salary/Amazon-Team-Leader-Salaries-E6036_D_KO7,18.htm",/yr,$67K - $118K,$67K,$118K,$88K,"$88,274 ",Base Pay,"$55,496/yr",$43K - $72K,Bonus,"$6,907/yr",$5K - $10K,Stock,"$8,438/yr",$6K - $12K,Commission,"$17,433/yr",$13K - $24K,,,,United States,62.90%,7.80%,9.60%,19.70%,
1692194729-7,https://www.glassdoor.com/Salary/Amazon-Salaries-E6036.htm,Amazon,View More >,"https://www.glassdoor.com/Salary/Amazon-Sales-Salaries-EI_IE6036.0,6_DEPT1021.htm",Amazon Sales Salaries,Annual Pay,Senior Technical Account Manager,"https://www.glassdoor.com/Salary/Amazon-Senior-Technical-Account-Manager-Salaries-E6036_D_KO7,39.htm",/yr,$233K - $397K,$233K,$397K,$300K,"$300,198 ",Base Pay,"$158,666/yr",$127K - $198K,Bonus,"$33,091/yr",$25K - $46K,Stock,"$52,969/yr",$40K - $74K,Commission,"$55,472/yr",$42K - $78K,,,,United States,52.90%,11%,17.60%,18.50%,
1692194734-8,https://www.glassdoor.com/Salary/Amazon-Salaries-E6036.htm,Amazon,View More >,"https://www.glassdoor.com/Salary/Amazon-Sales-Salaries-EI_IE6036.0,6_DEPT1021.htm",Amazon Sales Salaries,Annual Pay,Senior Account Manager,"https://www.glassdoor.com/Salary/Amazon-Senior-Account-Manager-Salaries-E6036_D_KO7,29.htm",/yr,$185K - $326K,$185K,$326K,$242K,"$242,376 ",Base Pay,"$117,867/yr",$92K - $151K,Bonus,"$30,398/yr",$23K - $43K,Stock,"$32,411/yr",$24K - $45K,Commission,"$61,700/yr",$46K - $86K,,,,United States,48.60%,12.50%,13.40%,25.50%,
1692194740-9,https://www.glassdoor.com/Salary/Amazon-Salaries-E6036.htm,Amazon,View More >,"https://www.glassdoor.com/Salary/Amazon-Sales-Salaries-EI_IE6036.0,6_DEPT1021.htm",Amazon Sales Salaries,Annual Pay,Team Lead,"https://www.glassdoor.com/Salary/Amazon-Team-Lead-Salaries-E6036_D_KO7,16.htm",/yr,$67K - $118K,$67K,$118K,$88K,"$88,274 ",Base Pay,"$55,496/yr",$43K - $72K,Bonus,"$6,907/yr",$5K - $10K,Stock,"$8,438/yr",$6K - $12K,Commission,"$17,433/yr",$13K - $24K,,,,United States,62.90%,7.80%,9.60%,19.70%,
1692194744-10,https://www.glassdoor.com/Salary/Amazon-Salaries-E6036.htm,Amazon,View More >,"https://www.glassdoor.com/Salary/Amazon-Sales-Salaries-EI_IE6036.0,6_DEPT1021.htm",Amazon Sales Salaries,Annual Pay,Sales Manager,"https://www.glassdoor.com/Salary/Amazon-Sales-Manager-Salaries-E6036_D_KO7,20.htm",/yr,$148K - $262K,$148K,$262K,$194K,"$194,243 ",Base Pay,"$91,189/yr",$71K - $117K,Bonus,"$24,493/yr",$18K - $34K,Stock,"$24,420/yr",$18K - $34K,Commission,"$54,141/yr",$41K - $76K,,,,United States,46.90%,12.60%,12.60%,27.90%,
1692194751-11,https://www.glassdoor.com/Salary/Amazon-Salaries-E6036.htm,Amazon,View More >,"https://www.glassdoor.com/Salary/Amazon-Sales-Salaries-EI_IE6036.0,6_DEPT1021.htm",Amazon Sales Salaries,Annual Pay,Team Manager,"https://www.glassdoor.com/Salary/Amazon-Team-Manager-Salaries-E6036_D_KO7,19.htm",/yr,$105K - $180K,$105K,$180K,$136K,"$136,462 ",Base Pay,"$82,942/yr",$65K - $106K,Bonus,"$12,557/yr",$9K - $18K,Stock,"$14,110/yr",$11K - $20K,Commission,"$26,853/yr",$20K - $38K,,,,United States,60.80%,9.20%,10.30%,19.70%,
1692194756-12,https://www.glassdoor.com/Salary/Amazon-Salaries-E6036.htm,Amazon,View More >,"https://www.glassdoor.com/Salary/Amazon-Sales-Salaries-EI_IE6036.0,6_DEPT1021.htm",Amazon Sales Salaries,Annual Pay,Sales Representative,"https://www.glassdoor.com/Salary/Amazon-Sales-Representative-Salaries-E6036_D_KO7,27.htm",/yr,$101K - $180K,$101K,$180K,$133K,"$133,393 ",Base Pay,"$65,041/yr",$50K - $84K,Bonus,"$15,171/yr",$11K - $21K,Stock,"$12,204/yr",$9K - $17K,Commission,"$40,976/yr",$31K - $57K,,,,United States,48.80%,11.40%,9.10%,30.70%,
1692194760-13,https://www.glassdoor.com/Salary/Amazon-Salaries-E6036.htm,Amazon,View More >,"https://www.glassdoor.com/Salary/Amazon-Sales-Salaries-EI_IE6036.0,6_DEPT1021.htm",Amazon Sales Salaries,Annual Pay,Process Guide,"https://www.glassdoor.com/Salary/Amazon-Process-Guide-Salaries-E6036_D_KO7,20.htm",/yr,$40K - $57K,$40K,$57K,$48K,"$47,552 ",Base Pay,"$41,750/yr",$36K - $49K,Bonus,"$2,469/yr",$2K - $3K,Stock,"$3,333/yr",$3K - $5K,,,,,,,United States,87.80%,5.20%,7%,,
1692194764-14,https://www.glassdoor.com/Salary/Amazon-Salaries-E6036.htm,Amazon,View More >,"https://www.glassdoor.com/Salary/Amazon-Sales-Salaries-EI_IE6036.0,6_DEPT1021.htm",Amazon Sales Salaries,Annual Pay,Technical Account Manager,"https://www.glassdoor.com/Salary/Amazon-Technical-Account-Manager-Salaries-E6036_D_KO7,32.htm",/yr,$202K - $346K,$202K,$346K,$261K,"$261,434 ",Base Pay,"$144,799/yr",$114K - $183K,Bonus,"$27,956/yr",$21K - $39K,Stock,"$40,958/yr",$31K - $57K,Commission,"$47,721/yr",$36K - $67K,,,,United States,55.40%,10.70%,15.70%,18.30%,
1692194770-15,https://www.glassdoor.com/Salary/Amazon-Salaries-E6036.htm,Amazon,View More >,"https://www.glassdoor.com/Salary/Amazon-Sales-Salaries-EI_IE6036.0,6_DEPT1021.htm",Amazon Sales Salaries,Annual Pay,Sales,"https://www.glassdoor.com/Salary/Amazon-Sales-Salaries-E6036_D_KO7,12.htm",/yr,$143K - $265K,$143K,$265K,$191K,"$191,275 ",Base Pay,"$88,022/yr",$66K - $121K,Bonus,"$25,129/yr",$19K - $35K,Stock,"$21,485/yr",$16K - $30K,Commission,"$56,638/yr",$42K - $79K,,,,United States,46%,13.10%,11.20%,29.60%,
1692194777-16,https://www.glassdoor.com/Salary/Amazon-Salaries-E6036.htm,Amazon,View More >,"https://www.glassdoor.com/Salary/Amazon-Sales-Salaries-EI_IE6036.0,6_DEPT1021.htm",Amazon Sales Salaries,Annual Pay,Account Executive,"https://www.glassdoor.com/Salary/Amazon-Account-Executive-Salaries-E6036_D_KO7,24.htm",/yr,$152K - $270K,$152K,$270K,$200K,"$199,582 ",Base Pay,"$92,027/yr",$71K - $119K,Bonus,"$26,980/yr",$20K - $38K,Stock,"$21,578/yr",$16K - $30K,Commission,"$58,997/yr",$44K - $83K,,,,United States,46.10%,13.50%,10.80%,29.60%,
1692194781-17,https://www.glassdoor.com/Salary/Amazon-Salaries-E6036.htm,Amazon,View More >,"https://www.glassdoor.com/Salary/Amazon-Sales-Salaries-EI_IE6036.0,6_DEPT1021.htm",Amazon Sales Salaries,Annual Pay,Inbound Stow,"https://www.glassdoor.com/Salary/Amazon-Inbound-Stow-Salaries-E6036_D_KO7,19.htm",/yr,$32K - $43K,$32K,$43K,$37K,,,,,,,,,,,,,,,,,United States,,,,,
1692194787-18,https://www.glassdoor.com/Salary/Amazon-Salaries-E6036.htm,Amazon,View More >,"https://www.glassdoor.com/Salary/Amazon-Sales-Salaries-EI_IE6036.0,6_DEPT1021.htm",Amazon Sales Salaries,Annual Pay,Account Manager,"https://www.glassdoor.com/Salary/Amazon-Account-Manager-Salaries-E6036_D_KO7,22.htm",/yr,$131K - $230K,$131K,$230K,$172K,"$171,697 ",Base Pay,"$87,408/yr",$68K - $112K,Bonus,"$20,217/yr",$15K - $28K,Stock,"$19,314/yr",$14K - $27K,Commission,"$44,758/yr",$34K - $63K,,,,United States,50.90%,11.80%,11.20%,26.10%,
1692194795-19,https://www.glassdoor.com/Salary/Amazon-Salaries-E6036.htm,Amazon,View More >,"https://www.glassdoor.com/Salary/Amazon-Sales-Salaries-EI_IE6036.0,6_DEPT1021.htm",Amazon Sales Salaries,Annual Pay,Inbound Stower,"https://www.glassdoor.com/Salary/Amazon-Inbound-Stower-Salaries-E6036_D_KO7,21.htm",/yr,$33K - $43K,$33K,$43K,$38K,,,,,,,,,,,,,,,,,United States,,,,,
1692194800-20,https://www.glassdoor.com/Salary/Amazon-Salaries-E6036.htm,Amazon,View More >,"https://www.glassdoor.com/Salary/Amazon-Sales-Salaries-EI_IE6036.0,6_DEPT1021.htm",Amazon Sales Salaries,Annual Pay,Sales Associate,"https://www.glassdoor.com/Salary/Amazon-Sales-Associate-Salaries-E6036_D_KO7,22.htm",/yr,$59K - $88K,$59K,$88K,$71K,"$71,230 ",Base Pay,"$45,523/yr",$40K - $52K,Stock,"$5,835/yr",$4K - $8K,Commission,"$19,871/yr",$15K - $28K,,,,,,,United States,63.90%,8.20%,27.90%,,
1692194812-21,https://www.glassdoor.com/Salary/Amazon-Salaries-E6036.htm,Amazon,View More >,"https://www.glassdoor.com/Salary/Amazon-Finance-and-Accounting-Salaries-EI_IE6036.0,6_DEPT1008.htm",Amazon Finance & Accounting Salaries,Annual Pay,Risk Manager II,"https://www.glassdoor.com/Salary/Amazon-Risk-Manager-II-Salaries-E6036_D_KO7,22.htm",/yr,$169K - $267K,$169K,$267K,$210K,"$210,206 ",Base Pay,"$140,175/yr",$116K - $169K,Bonus,"$28,827/yr",$22K - $40K,Stock,"$41,204/yr",$31K - $58K,,,,,,,United States,66.70%,13.70%,19.60%,,
1692194817-22,https://www.glassdoor.com/Salary/Amazon-Salaries-E6036.htm,Amazon,View More >,"https://www.glassdoor.com/Salary/Amazon-Finance-and-Accounting-Salaries-EI_IE6036.0,6_DEPT1008.htm",Amazon Finance & Accounting Salaries,Annual Pay,Economist II,"https://www.glassdoor.com/Salary/Amazon-Economist-II-Salaries-E6036_D_KO7,19.htm",/yr,$163K - $260K,$163K,$260K,$204K,"$204,050 ",Base Pay,"$137,615/yr",$114K - $167K,Bonus,"$22,399/yr",$17K - $31K,Stock,"$44,036/yr",$33K - $62K,,,,,,,United States,67.40%,11%,21.60%,,
1692194825-23,https://www.glassdoor.com/Salary/Amazon-Salaries-E6036.htm,Amazon,View More >,"https://www.glassdoor.com/Salary/Amazon-Finance-and-Accounting-Salaries-EI_IE6036.0,6_DEPT1008.htm",Amazon Finance & Accounting Salaries,Annual Pay,Finance Analyst,"https://www.glassdoor.com/Salary/Amazon-Finance-Analyst-Salaries-E6036_D_KO7,22.htm",/yr,$106K - $168K,$106K,$168K,$132K,"$132,295 ",Base Pay,"$96,996/yr",$79K - $119K,Bonus,"$17,223/yr",$13K - $24K,Stock,"$18,076/yr",$14K - $25K,,,,,,,United States,73.30%,13%,13.70%,,
1692194831-24,https://www.glassdoor.com/Salary/Amazon-Salaries-E6036.htm,Amazon,View More >,"https://www.glassdoor.com/Salary/Amazon-Finance-and-Accounting-Salaries-EI_IE6036.0,6_DEPT1008.htm",Amazon Finance & Accounting Salaries,Annual Pay,Sr Financial Analyst,"https://www.glassdoor.com/Salary/Amazon-Sr-Financial-Analyst-Salaries-E6036_D_KO7,27.htm",/yr,$138K - $202K,$138K,$202K,$165K,"$165,364 ",Base Pay,"$118,957/yr",$103K - $137K,Bonus,"$19,853/yr",$15K - $28K,Stock,"$26,553/yr",$20K - $37K,,,,,,,United States,71.90%,12%,16.10%,,
1692194837-25,https://www.glassdoor.com/Salary/Amazon-Salaries-E6036.htm,Amazon,View More >,"https://www.glassdoor.com/Salary/Amazon-Finance-and-Accounting-Salaries-EI_IE6036.0,6_DEPT1008.htm",Amazon Finance & Accounting Salaries,Annual Pay,Economist I,"https://www.glassdoor.com/Salary/Amazon-Economist-I-Salaries-E6036_D_KO7,18.htm",/yr,$148K - $238K,$148K,$238K,$186K,"$186,230 ",Base Pay,"$126,954/yr",$104K - $155K,Bonus,"$20,004/yr",$15K - $28K,Stock,"$39,272/yr",$29K - $55K,,,,,,,United States,68.20%,10.70%,21.10%,,
1692194842-26,https://www.glassdoor.com/Salary/Amazon-Salaries-E6036.htm,Amazon,View More >,"https://www.glassdoor.com/Salary/Amazon-Finance-and-Accounting-Salaries-EI_IE6036.0,6_DEPT1008.htm",Amazon Finance & Accounting Salaries,Annual Pay,Finance Manager III,"https://www.glassdoor.com/Salary/Amazon-Finance-Manager-III-Salaries-E6036_D_KO7,26.htm",/yr,$214K - $329K,$214K,$329K,$262K,"$262,060 ",Base Pay,"$162,566/yr",$139K - $190K,Bonus,"$34,821/yr",$26K - $49K,Stock,"$64,673/yr",$49K - $91K,,,,,,,United States,62%,13.30%,24.70%,,
1692194851-27,https://www.glassdoor.com/Salary/Amazon-Salaries-E6036.htm,Amazon,View More >,"https://www.glassdoor.com/Salary/Amazon-Finance-and-Accounting-Salaries-EI_IE6036.0,6_DEPT1008.htm",Amazon Finance & Accounting Salaries,Annual Pay,Risk Manager,"https://www.glassdoor.com/Salary/Amazon-Risk-Manager-Salaries-E6036_D_KO7,19.htm",/yr,$153K - $252K,$153K,$252K,$195K,"$194,506 ",Base Pay,"$132,355/yr",$106K - $165K,Bonus,"$26,169/yr",$20K - $37K,Stock,"$35,982/yr",$27K - $50K,,,,,,,United States,68%,13.50%,18.50%,,
1692194856-28,https://www.glassdoor.com/Salary/Amazon-Salaries-E6036.htm,Amazon,View More >,"https://www.glassdoor.com/Salary/Amazon-Finance-and-Accounting-Salaries-EI_IE6036.0,6_DEPT1008.htm",Amazon Finance & Accounting Salaries,Annual Pay,Economist,"https://www.glassdoor.com/Salary/Amazon-Economist-Salaries-E6036_D_KO7,16.htm",/yr,$142K - $249K,$142K,$249K,$186K,"$186,444 ",Base Pay,"$127,363/yr",$98K - $166K,Bonus,"$20,405/yr",$15K - $29K,Stock,"$38,676/yr",$29K - $54K,,,,,,,United States,68.30%,10.90%,20.70%,,
1692194863-29,https://www.glassdoor.com/Salary/Amazon-Salaries-E6036.htm,Amazon,View More >,"https://www.glassdoor.com/Salary/Amazon-Finance-and-Accounting-Salaries-EI_IE6036.0,6_DEPT1008.htm",Amazon Finance & Accounting Salaries,Annual Pay,Tier III Amazon Process Assistant,"https://www.glassdoor.com/Salary/Amazon-Tier-III-Amazon-Process-Assistant-Salaries-E6036_D_KO7,40.htm",/yr,$47K - $76K,$47K,$76K,$59K,"$59,355 ",Base Pay,"$49,000/yr",$39K - $61K,Bonus,"$4,668/yr",$4K - $7K,Stock,"$5,687/yr",$4K - $8K,,,,,,,United States,82.60%,7.90%,9.60%,,
1692194868-30,https://www.glassdoor.com/Salary/Amazon-Salaries-E6036.htm,Amazon,View More >,"https://www.glassdoor.com/Salary/Amazon-Finance-and-Accounting-Salaries-EI_IE6036.0,6_DEPT1008.htm",Amazon Finance & Accounting Salaries,Annual Pay,Accountant,"https://www.glassdoor.com/Salary/Amazon-Accountant-Salaries-E6036_D_KO7,17.htm",/yr,$72K - $116K,$72K,$116K,$91K,"$90,895 ",Base Pay,"$70,692/yr",$57K - $88K,Bonus,"$9,214/yr",$7K - $13K,Stock,"$10,990/yr",$8K - $15K,,,,,,,United States,77.80%,10.10%,12.10%,,
1692194873-31,https://www.glassdoor.com/Salary/Amazon-Salaries-E6036.htm,Amazon,View More >,"https://www.glassdoor.com/Salary/Amazon-Finance-and-Accounting-Salaries-EI_IE6036.0,6_DEPT1008.htm",Amazon Finance & Accounting Salaries,Annual Pay,Senior Finance Manager,"https://www.glassdoor.com/Salary/Amazon-Senior-Finance-Manager-Salaries-E6036_D_KO7,29.htm",/yr,$208K - $314K,$208K,$314K,$253K,"$252,741 ",Base Pay,"$166,092/yr",$143K - $193K,Bonus,"$32,985/yr",$25K - $46K,Stock,"$53,664/yr",$40K - $75K,,,,,,,United States,65.70%,13.10%,21.20%,,
1692194878-32,https://www.glassdoor.com/Salary/Amazon-Salaries-E6036.htm,Amazon,View More >,"https://www.glassdoor.com/Salary/Amazon-Finance-and-Accounting-Salaries-EI_IE6036.0,6_DEPT1008.htm",Amazon Finance & Accounting Salaries,Annual Pay,Financial Analyst III,"https://www.glassdoor.com/Salary/Amazon-Financial-Analyst-III-Salaries-E6036_D_KO7,28.htm",/yr,$128K - $184K,$128K,$184K,$152K,"$151,896 ",Base Pay,"$109,849/yr",$97K - $125K,Bonus,"$18,883/yr",$14K - $26K,Stock,"$23,164/yr",$17K - $32K,,,,,,,United States,72.30%,12.40%,15.20%,,
1692194887-33,https://www.glassdoor.com/Salary/Amazon-Salaries-E6036.htm,Amazon,View More >,"https://www.glassdoor.com/Salary/Amazon-Finance-and-Accounting-Salaries-EI_IE6036.0,6_DEPT1008.htm",Amazon Finance & Accounting Salaries,Annual Pay,Process Associate,"https://www.glassdoor.com/Salary/Amazon-Process-Associate-Salaries-E6036_D_KO7,24.htm",/yr,$70K - $119K,$70K,$119K,$91K,"$91,068 ",Base Pay,"$72,251/yr",$56K - $93K,Bonus,"$8,514/yr",$6K - $12K,Stock,"$10,304/yr",$8K - $14K,,,,,,,United States,79.30%,9.30%,11.30%,,
1692194894-34,https://www.glassdoor.com/Salary/Amazon-Salaries-E6036.htm,Amazon,View More >,"https://www.glassdoor.com/Salary/Amazon-Finance-and-Accounting-Salaries-EI_IE6036.0,6_DEPT1008.htm",Amazon Finance & Accounting Salaries,Annual Pay,Financial Analyst II,"https://www.glassdoor.com/Salary/Amazon-Financial-Analyst-II-Salaries-E6036_D_KO7,27.htm",/yr,$118K - $173K,$118K,$173K,$142K,"$141,816 ",Base Pay,"$102,910/yr",$89K - $119K,Bonus,"$18,125/yr",$14K - $25K,Stock,"$20,780/yr",$16K - $29K,,,,,,,United States,72.60%,12.80%,14.70%,,
1692194900-35,https://www.glassdoor.com/Salary/Amazon-Salaries-E6036.htm,Amazon,View More >,"https://www.glassdoor.com/Salary/Amazon-Finance-and-Accounting-Salaries-EI_IE6036.0,6_DEPT1008.htm",Amazon Finance & Accounting Salaries,Annual Pay,Finance Manager,"https://www.glassdoor.com/Salary/Amazon-Finance-Manager-Salaries-E6036_D_KO7,22.htm",/yr,$228K - $381K,$228K,$381K,$291K,"$291,074 ",Base Pay,"$150,763/yr",$123K - $185K,Bonus,"$31,238/yr",$23K - $44K,Stock,"$51,623/yr",$39K - $72K,Commission,"$57,450/yr",$43K - $80K,,,,United States,51.80%,10.70%,17.70%,19.70%,
1692194907-36,https://www.glassdoor.com/Salary/Amazon-Salaries-E6036.htm,Amazon,View More >,"https://www.glassdoor.com/Salary/Amazon-Finance-and-Accounting-Salaries-EI_IE6036.0,6_DEPT1008.htm",Amazon Finance & Accounting Salaries,Annual Pay,Senior Financial Analyst,"https://www.glassdoor.com/Salary/Amazon-Senior-Financial-Analyst-Salaries-E6036_D_KO7,31.htm",/yr,$127K - $187K,$127K,$187K,$153K,"$152,636 ",Base Pay,"$113,151/yr",$97K - $132K,Bonus,"$16,594/yr",$12K - $23K,Stock,"$22,891/yr",$17K - $32K,,,,,,,United States,74.10%,10.90%,15%,,
1692194912-37,https://www.glassdoor.com/Salary/Amazon-Salaries-E6036.htm,Amazon,View More >,"https://www.glassdoor.com/Salary/Amazon-Finance-and-Accounting-Salaries-EI_IE6036.0,6_DEPT1008.htm",Amazon Finance & Accounting Salaries,Annual Pay,Financial Analyst,"https://www.glassdoor.com/Salary/Amazon-Financial-Analyst-Salaries-E6036_D_KO7,24.htm",/yr,$109K - $171K,$109K,$171K,$135K,"$135,372 ",Base Pay,"$100,556/yr",$83K - $122K,Bonus,"$15,965/yr",$12K - $22K,Stock,"$18,851/yr",$14K - $26K,,,,,,,United States,74.30%,11.80%,13.90%,,
1692194920-38,https://www.glassdoor.com/Salary/Amazon-Salaries-E6036.htm,Amazon,View More >,"https://www.glassdoor.com/Salary/Amazon-Finance-and-Accounting-Salaries-EI_IE6036.0,6_DEPT1008.htm",Amazon Finance & Accounting Salaries,Annual Pay,Tier III Process Assistant,"https://www.glassdoor.com/Salary/Amazon-Tier-III-Process-Assistant-Salaries-E6036_D_KO7,33.htm",/yr,$48K - $75K,$48K,$75K,$60K,"$59,992 ",Base Pay,"$49,608/yr",$40K - $61K,Bonus,"$4,764/yr",$4K - $7K,Stock,"$5,619/yr",$4K - $8K,,,,,,,United States,82.70%,7.90%,9.40%,,
1692194925-39,https://www.glassdoor.com/Salary/Amazon-Salaries-E6036.htm,Amazon,View More >,"https://www.glassdoor.com/Salary/Amazon-Finance-and-Accounting-Salaries-EI_IE6036.0,6_DEPT1008.htm",Amazon Finance & Accounting Salaries,Annual Pay,Process Assistant,"https://www.glassdoor.com/Salary/Amazon-Process-Assistant-Salaries-E6036_D_KO7,24.htm",/yr,$44K - $65K,$44K,$65K,$53K,"$53,095 ",Base Pay,"$45,393/yr",$38K - $54K,Bonus,"$3,294/yr",$2K - $5K,Stock,"$4,407/yr",$3K - $6K,,,,,,,United States,85.50%,6.20%,8.30%,,
1692194936-40,https://www.glassdoor.com/Salary/Amazon-Salaries-E6036.htm,Amazon,View More >,"https://www.glassdoor.com/Salary/Amazon-Human-Resources-Salaries-EI_IE6036.0,6_DEPT1010.htm",Amazon Human Resource Salaries,Annual Pay,Driver Trainer,"https://www.glassdoor.com/Salary/Amazon-Driver-Trainer-Salaries-E6036_D_KO7,21.htm",/yr,$48K - $80K,$48K,$80K,$62K,"$61,944 ",Base Pay,"$51,846/yr",$41K - $66K,Bonus,"$4,149/yr",$3K - $6K,Stock,"$5,949/yr",$4K - $8K,,,,,,,United States,83.70%,6.70%,9.60%,,
1692194943-41,https://www.glassdoor.com/Salary/Amazon-Salaries-E6036.htm,Amazon,View More >,"https://www.glassdoor.com/Salary/Amazon-Human-Resources-Salaries-EI_IE6036.0,6_DEPT1010.htm",Amazon Human Resource Salaries,Annual Pay,Technical Sourcer,"https://www.glassdoor.com/Salary/Amazon-Technical-Sourcer-Salaries-E6036_D_KO7,24.htm",/yr,$81K - $130K,$81K,$130K,$102K,"$102,338 ",Base Pay,"$79,308/yr",$64K - $98K,Bonus,"$12,236/yr",$9K - $17K,Stock,"$10,794/yr",$8K - $15K,,,,,,,United States,77.50%,12%,10.50%,,
1692194948-42,https://www.glassdoor.com/Salary/Amazon-Salaries-E6036.htm,Amazon,View More >,"https://www.glassdoor.com/Salary/Amazon-Human-Resources-Salaries-EI_IE6036.0,6_DEPT1010.htm",Amazon Human Resource Salaries,Annual Pay,Recruiting Manager,"https://www.glassdoor.com/Salary/Amazon-Recruiting-Manager-Salaries-E6036_D_KO7,25.htm",/yr,$158K - $260K,$158K,$260K,$200K,"$199,807 ",Base Pay,"$110,305/yr",$91K - $134K,Bonus,"$19,768/yr",$15K - $28K,Stock,"$29,214/yr",$22K - $41K,Commission,"$40,520/yr",$30K - $57K,,,,United States,55.20%,9.90%,14.60%,20.30%,
1692194952-43,https://www.glassdoor.com/Salary/Amazon-Salaries-E6036.htm,Amazon,View More >,"https://www.glassdoor.com/Salary/Amazon-Human-Resources-Salaries-EI_IE6036.0,6_DEPT1010.htm",Amazon Human Resource Salaries,Annual Pay,Human Resources Manager,"https://www.glassdoor.com/Salary/Amazon-Human-Resources-Manager-Salaries-E6036_D_KO7,30.htm",/yr,$121K - $192K,$121K,$192K,$151K,"$151,265 ",Base Pay,"$104,364/yr",$86K - $126K,Bonus,"$17,952/yr",$13K - $25K,Stock,"$28,948/yr",$22K - $41K,,,,,,,United States,69%,11.90%,19.10%,,
1692194956-44,https://www.glassdoor.com/Salary/Amazon-Salaries-E6036.htm,Amazon,View More >,"https://www.glassdoor.com/Salary/Amazon-Human-Resources-Salaries-EI_IE6036.0,6_DEPT1010.htm",Amazon Human Resource Salaries,Annual Pay,Senior Recruiter,"https://www.glassdoor.com/Salary/Amazon-Senior-Recruiter-Salaries-E6036_D_KO7,23.htm",/yr,$160K - $266K,$160K,$266K,$204K,"$203,765 ",Base Pay,"$112,563/yr",$91K - $139K,Bonus,"$21,047/yr",$16K - $29K,Stock,"$28,730/yr",$22K - $40K,Commission,"$41,426/yr",$31K - $58K,,,,United States,55.20%,10.30%,14.10%,20.30%,
1692194962-45,https://www.glassdoor.com/Salary/Amazon-Salaries-E6036.htm,Amazon,View More >,"https://www.glassdoor.com/Salary/Amazon-Human-Resources-Salaries-EI_IE6036.0,6_DEPT1010.htm",Amazon Human Resource Salaries,Annual Pay,Learning Coordinator,"https://www.glassdoor.com/Salary/Amazon-Learning-Coordinator-Salaries-E6036_D_KO7,27.htm",/yr,$55K - $88K,$55K,$88K,$69K,"$69,387 ",Base Pay,"$56,099/yr",$45K - $69K,Bonus,"$6,466/yr",$5K - $9K,Stock,"$6,822/yr",$5K - $10K,,,,,,,United States,80.80%,9.30%,9.80%,,
1692194966-46,https://www.glassdoor.com/Salary/Amazon-Salaries-E6036.htm,Amazon,View More >,"https://www.glassdoor.com/Salary/Amazon-Human-Resources-Salaries-EI_IE6036.0,6_DEPT1010.htm",Amazon Human Resource Salaries,Annual Pay,Sourcing Recruiter,"https://www.glassdoor.com/Salary/Amazon-Sourcing-Recruiter-Salaries-E6036_D_KO7,25.htm",/yr,$104K - $168K,$104K,$168K,$131K,"$130,825 ",Base Pay,"$81,977/yr",$67K - $100K,Bonus,"$12,331/yr",$9K - $17K,Stock,"$12,361/yr",$9K - $17K,Commission,"$24,156/yr",$18K - $34K,,,,United States,62.70%,9.40%,9.40%,18.50%,
1692194971-47,https://www.glassdoor.com/Salary/Amazon-Salaries-E6036.htm,Amazon,View More >,"https://www.glassdoor.com/Salary/Amazon-Human-Resources-Salaries-EI_IE6036.0,6_DEPT1010.htm",Amazon Human Resource Salaries,Annual Pay,HR Partner,"https://www.glassdoor.com/Salary/Amazon-HR-Partner-Salaries-E6036_D_KO7,17.htm",/yr,$102K - $178K,$102K,$178K,$134K,"$133,678 ",Base Pay,"$95,561/yr",$73K - $124K,Bonus,"$12,869/yr",$10K - $18K,Stock,"$25,248/yr",$19K - $35K,,,,,,,United States,71.50%,9.60%,18.90%,,
1692194978-48,https://www.glassdoor.com/Salary/Amazon-Salaries-E6036.htm,Amazon,View More >,"https://www.glassdoor.com/Salary/Amazon-Human-Resources-Salaries-EI_IE6036.0,6_DEPT1010.htm",Amazon Human Resource Salaries,Annual Pay,Trainer,"https://www.glassdoor.com/Salary/Amazon-Trainer-Salaries-E6036_D_KO7,14.htm",/yr,$53K - $90K,$53K,$90K,$69K,"$68,526 ",Base Pay,"$54,984/yr",$42K - $71K,Bonus,"$6,121/yr",$5K - $9K,Stock,"$7,421/yr",$6K - $10K,,,,,,,United States,80.20%,8.90%,10.80%,,
1692194983-49,https://www.glassdoor.com/Salary/Amazon-Salaries-E6036.htm,Amazon,View More >,"https://www.glassdoor.com/Salary/Amazon-Human-Resources-Salaries-EI_IE6036.0,6_DEPT1010.htm",Amazon Human Resource Salaries,Annual Pay,SR. Human Resources Assistant,https://www.glassdoor.com/Salary/Amazon-SR-Human-Resources-Assistant-Salaries-E6036_DAO.htm?filter.jobTitleExact=SR.+Human+Resources+Assistant,/yr,$54K - $82K,$54K,$82K,$66K,"$66,368 ",Base Pay,"$52,779/yr",$44K - $63K,Bonus,"$5,966/yr",$4K - $8K,Stock,"$7,623/yr",$6K - $11K,,,,,,,United States,79.50%,9%,11.50%,,
1692194988-50,https://www.glassdoor.com/Salary/Amazon-Salaries-E6036.htm,Amazon,View More >,"https://www.glassdoor.com/Salary/Amazon-Human-Resources-Salaries-EI_IE6036.0,6_DEPT1010.htm",Amazon Human Resource Salaries,Annual Pay,Human Resources Business Partner HRBP,"https://www.glassdoor.com/Salary/Amazon-Human-Resources-Business-Partner-HRBP-Salaries-E6036_D_KO7,44.htm",/yr,$129K - $206K,$129K,$206K,$161K,"$161,435 ",Base Pay,"$119,149/yr",$97K - $146K,Bonus,"$14,855/yr",$11K - $21K,Stock,"$27,431/yr",$21K - $38K,,,,,,,United States,73.80%,9.20%,17%,,
1692194993-51,https://www.glassdoor.com/Salary/Amazon-Salaries-E6036.htm,Amazon,View More >,"https://www.glassdoor.com/Salary/Amazon-Human-Resources-Salaries-EI_IE6036.0,6_DEPT1010.htm",Amazon Human Resource Salaries,Annual Pay,Learning Trainer,"https://www.glassdoor.com/Salary/Amazon-Learning-Trainer-Salaries-E6036_D_KO7,23.htm",/yr,$65K - $103K,$65K,$103K,$82K,"$81,572 ",Base Pay,"$66,370/yr",$54K - $82K,Bonus,"$6,179/yr",$5K - $9K,Stock,"$9,023/yr",$7K - $13K,,,,,,,United States,81.40%,7.60%,11.10%,,
1692195001-52,https://www.glassdoor.com/Salary/Amazon-Salaries-E6036.htm,Amazon,View More >,"https://www.glassdoor.com/Salary/Amazon-Human-Resources-Salaries-EI_IE6036.0,6_DEPT1010.htm",Amazon Human Resource Salaries,Annual Pay,Senior Human Resources Assistant,"https://www.glassdoor.com/Salary/Amazon-Senior-Human-Resources-Assistant-Salaries-E6036_D_KO7,39.htm",/yr,$70K - $109K,$70K,$109K,$87K,"$86,914 ",Base Pay,"$67,461/yr",$56K - $82K,Bonus,"$8,695/yr",$7K - $12K,Stock,"$10,757/yr",$8K - $15K,,,,,,,United States,77.60%,10%,12.40%,,
1692195014-53,https://www.glassdoor.com/Salary/Amazon-Salaries-E6036.htm,Amazon,View More >,"https://www.glassdoor.com/Salary/Amazon-Human-Resources-Salaries-EI_IE6036.0,6_DEPT1010.htm",Amazon Human Resource Salaries,Annual Pay,Human Resources Business Partner,"https://www.glassdoor.com/Salary/Amazon-Human-Resources-Business-Partner-Salaries-E6036_D_KO7,39.htm",/yr,$126K - $199K,$126K,$199K,$157K,"$157,035 ",Base Pay,"$112,611/yr",$93K - $137K,Bonus,"$16,400/yr",$12K - $23K,Stock,"$28,023/yr",$21K - $39K,,,,,,,United States,71.70%,10.40%,17.80%,,
1692195023-54,https://www.glassdoor.com/Salary/Amazon-Salaries-E6036.htm,Amazon,View More >,"https://www.glassdoor.com/Salary/Amazon-Human-Resources-Salaries-EI_IE6036.0,6_DEPT1010.htm",Amazon Human Resource Salaries,Annual Pay,Human Resources Assistant,"https://www.glassdoor.com/Salary/Amazon-Human-Resources-Assistant-Salaries-E6036_D_KO7,32.htm",/yr,$53K - $78K,$53K,$78K,$63K,"$63,495 ",Base Pay,"$51,006/yr",$43K - $60K,Bonus,"$5,674/yr",$4K - $8K,Stock,"$6,815/yr",$5K - $10K,,,,,,,United States,80.30%,8.90%,10.70%,,
1692195030-55,https://www.glassdoor.com/Salary/Amazon-Salaries-E6036.htm,Amazon,View More >,"https://www.glassdoor.com/Salary/Amazon-Human-Resources-Salaries-EI_IE6036.0,6_DEPT1010.htm",Amazon Human Resource Salaries,Annual Pay,Human Resources,"https://www.glassdoor.com/Salary/Amazon-Human-Resources-Salaries-E6036_D_KO7,22.htm",/yr,$71K - $123K,$71K,$123K,$93K,"$92,956 ",Base Pay,"$71,686/yr",$55K - $93K,Bonus,"$9,328/yr",$7K - $13K,Stock,"$11,942/yr",$9K - $17K,,,,,,,United States,77.10%,10%,12.80%,,
1692195037-56,https://www.glassdoor.com/Salary/Amazon-Salaries-E6036.htm,Amazon,View More >,"https://www.glassdoor.com/Salary/Amazon-Human-Resources-Salaries-EI_IE6036.0,6_DEPT1010.htm",Amazon Human Resource Salaries,Annual Pay,Sr. HRA,https://www.glassdoor.com/Salary/Amazon-Sr-HRA-Salaries-E6036_DAO.htm?filter.jobTitleExact=Sr.+HRA,/yr,$152K - $275K,$152K,$275K,$202K,"$202,227 ",Base Pay,"$140,354/yr",$105K - $189K,Bonus,"$21,882/yr",$16K - $31K,Stock,"$39,991/yr",$30K - $56K,,,,,,,United States,69.40%,10.80%,19.80%,,
1692195042-57,https://www.glassdoor.com/Salary/Amazon-Salaries-E6036.htm,Amazon,View More >,"https://www.glassdoor.com/Salary/Amazon-Human-Resources-Salaries-EI_IE6036.0,6_DEPT1010.htm",Amazon Human Resource Salaries,Annual Pay,Recruiting Coordinator,"https://www.glassdoor.com/Salary/Amazon-Recruiting-Coordinator-Salaries-E6036_D_KO7,29.htm",/yr,$57K - $85K,$57K,$85K,$69K,"$68,977 ",Base Pay,"$55,898/yr",$47K - $66K,Bonus,"$6,518/yr",$5K - $9K,Stock,"$6,561/yr",$5K - $9K,,,,,,,United States,81%,9.50%,9.50%,,
1692195048-58,https://www.glassdoor.com/Salary/Amazon-Salaries-E6036.htm,Amazon,View More >,"https://www.glassdoor.com/Salary/Amazon-Human-Resources-Salaries-EI_IE6036.0,6_DEPT1010.htm",Amazon Human Resource Salaries,Annual Pay,Technical Recruiter,"https://www.glassdoor.com/Salary/Amazon-Technical-Recruiter-Salaries-E6036_D_KO7,26.htm",/yr,$124K - $209K,$124K,$209K,$159K,"$158,884 ",Base Pay,"$94,833/yr",$75K - $119K,Bonus,"$14,994/yr",$11K - $21K,Stock,"$17,115/yr",$13K - $24K,Commission,"$31,942/yr",$24K - $45K,,,,United States,59.70%,9.40%,10.80%,20.10%,
1692195053-59,https://www.glassdoor.com/Salary/Amazon-Salaries-E6036.htm,Amazon,View More >,"https://www.glassdoor.com/Salary/Amazon-Human-Resources-Salaries-EI_IE6036.0,6_DEPT1010.htm",Amazon Human Resource Salaries,Annual Pay,Recruiter,"https://www.glassdoor.com/Salary/Amazon-Recruiter-Salaries-E6036_D_KO7,16.htm",/yr,$99K - $166K,$99K,$166K,$127K,"$126,680 ",Base Pay,"$76,415/yr",$61K - $96K,Bonus,"$11,781/yr",$9K - $16K,Stock,"$13,234/yr",$10K - $19K,Commission,"$25,250/yr",$19K - $35K,,,,United States,60.30%,9.30%,10.40%,19.90%,
1692195065-60,https://www.glassdoor.com/Salary/Amazon-Salaries-E6036.htm,Amazon,View More >,"https://www.glassdoor.com/Salary/Amazon-Other-Salaries-EI_IE6036.0,6_DEPT1017.htm",Amazon Other Salaries,Annual Pay,Prime Now Shopper,"https://www.glassdoor.com/Salary/Amazon-Prime-Now-Shopper-Salaries-E6036_D_KO7,24.htm",/yr,$38K - $51K,$38K,$51K,$44K,"$43,740 ",Base Pay,"$40,800/yr",$36K - $47K,Stock,"$2,941/yr",$2K - $4K,,,,,,,,,,United States,93.30%,6.70%,,,
1692195070-61,https://www.glassdoor.com/Salary/Amazon-Salaries-E6036.htm,Amazon,View More >,"https://www.glassdoor.com/Salary/Amazon-Other-Salaries-EI_IE6036.0,6_DEPT1017.htm",Amazon Other Salaries,Annual Pay,Tier 1 Associate,"https://www.glassdoor.com/Salary/Amazon-Tier-1-Associate-Salaries-E6036_D_KO7,23.htm",/yr,$36K - $48K,$36K,$48K,$42K,"$41,801 ",Base Pay,"$39,188/yr",$34K - $45K,Stock,"$2,613/yr",$2K - $4K,,,,,,,,,,United States,93.70%,6.30%,,,
1692195076-62,https://www.glassdoor.com/Salary/Amazon-Salaries-E6036.htm,Amazon,View More >,"https://www.glassdoor.com/Salary/Amazon-Other-Salaries-EI_IE6036.0,6_DEPT1017.htm",Amazon Other Salaries,Annual Pay,Employee,"https://www.glassdoor.com/Salary/Amazon-Employee-Salaries-E6036_D_KO7,15.htm",/yr,$55K - $100K,$55K,$100K,$74K,"$73,707 ",Base Pay,"$56,976/yr",$43K - $77K,Bonus,"$7,483/yr",$6K - $10K,Stock,"$9,249/yr",$7K - $13K,,,,,,,United States,77.30%,10.20%,12.50%,,
1692195081-63,https://www.glassdoor.com/Salary/Amazon-Salaries-E6036.htm,Amazon,View More >,"https://www.glassdoor.com/Salary/Amazon-Other-Salaries-EI_IE6036.0,6_DEPT1017.htm",Amazon Other Salaries,Annual Pay,Remote Work From Home Jobs,"https://www.glassdoor.com/Salary/Amazon-Remote-Work-From-Home-Jobs-Salaries-E6036_D_KO7,33.htm",/yr,$41K - $69K,$41K,$69K,$53K,"$53,122 ",Base Pay,"$46,300/yr",$36K - $59K,Stock,"$6,822/yr",$5K - $10K,,,,,,,,,,United States,87.20%,12.80%,,,
1692195087-64,https://www.glassdoor.com/Salary/Amazon-Salaries-E6036.htm,Amazon,View More >,"https://www.glassdoor.com/Salary/Amazon-Other-Salaries-EI_IE6036.0,6_DEPT1017.htm",Amazon Other Salaries,Annual Pay,IRA,"https://www.glassdoor.com/Salary/Amazon-IRA-Salaries-E6036_D_KO7,10.htm",/yr,$56K - $102K,$56K,$102K,$74K,"$74,029 ",Base Pay,"$57,717/yr",$43K - $80K,Bonus,"$6,415/yr",$5K - $9K,Stock,"$9,897/yr",$7K - $14K,,,,,,,United States,78%,8.70%,13.40%,,
1692195106-65,https://www.glassdoor.com/Salary/Amazon-Salaries-E6036.htm,Amazon,View More >,"https://www.glassdoor.com/Salary/Amazon-Other-Salaries-EI_IE6036.0,6_DEPT1017.htm",Amazon Other Salaries,Annual Pay,ICQA,"https://www.glassdoor.com/Salary/Amazon-ICQA-Salaries-E6036_D_KO7,11.htm",/yr,$43K - $64K,$43K,$64K,$53K,"$52,611 ",Base Pay,"$45,981/yr",$38K - $55K,Bonus,"$2,691/yr",$2K - $4K,Stock,"$3,939/yr",$3K - $6K,,,,,,,United States,87.40%,5.10%,7.50%,,
1692195114-66,https://www.glassdoor.com/Salary/Amazon-Salaries-E6036.htm,Amazon,View More >,"https://www.glassdoor.com/Salary/Amazon-Other-Salaries-EI_IE6036.0,6_DEPT1017.htm",Amazon Other Salaries,Annual Pay,Locker+ Associate,https://www.glassdoor.com/Salary/Amazon-Locker-Associate-Salaries-E6036_DAO.htm?filter.jobTitleExact=Locker%2B+Associate,/yr,$48K - $78K,$48K,$78K,$61K,"$61,056 ",Base Pay,"$50,755/yr",$41K - $63K,Bonus,"$4,813/yr",$4K - $7K,Stock,"$5,488/yr",$4K - $8K,,,,,,,United States,83.10%,7.90%,9%,,
1692195119-67,https://www.glassdoor.com/Salary/Amazon-Salaries-E6036.htm,Amazon,View More >,"https://www.glassdoor.com/Salary/Amazon-Other-Salaries-EI_IE6036.0,6_DEPT1017.htm",Amazon Other Salaries,Annual Pay,Scanner,"https://www.glassdoor.com/Salary/Amazon-Scanner-Salaries-E6036_D_KO7,14.htm",/yr,$31K - $41K,$31K,$41K,$36K,,,,,,,,,,,,,,,,,United States,,,,,
1692195124-68,https://www.glassdoor.com/Salary/Amazon-Salaries-E6036.htm,Amazon,View More >,"https://www.glassdoor.com/Salary/Amazon-Other-Salaries-EI_IE6036.0,6_DEPT1017.htm",Amazon Other Salaries,Annual Pay,Bie,"https://www.glassdoor.com/Salary/Amazon-Bie-Salaries-E6036_D_KO7,10.htm",/yr,$56K - $92K,$56K,$92K,$72K,"$71,820 ",Base Pay,"$58,103/yr",$46K - $73K,Bonus,"$6,472/yr",$5K - $9K,Stock,"$7,244/yr",$5K - $10K,,,,,,,United States,80.90%,9%,10.10%,,
1692195129-69,https://www.glassdoor.com/Salary/Amazon-Salaries-E6036.htm,Amazon,View More >,"https://www.glassdoor.com/Salary/Amazon-Other-Salaries-EI_IE6036.0,6_DEPT1017.htm",Amazon Other Salaries,Annual Pay,Internship,"https://www.glassdoor.com/Salary/Amazon-Internship-Salaries-E6036_D_KO7,17.htm",/yr,$51K - $93K,$51K,$93K,$68K,"$67,975 ",Base Pay,"$54,212/yr",$41K - $73K,Bonus,"$6,471/yr",$5K - $9K,Stock,"$7,293/yr",$5K - $10K,,,,,,,United States,79.80%,9.50%,10.70%,,
1692195135-70,https://www.glassdoor.com/Salary/Amazon-Salaries-E6036.htm,Amazon,View More >,"https://www.glassdoor.com/Salary/Amazon-Other-Salaries-EI_IE6036.0,6_DEPT1017.htm",Amazon Other Salaries,Annual Pay,ICQA Associate,"https://www.glassdoor.com/Salary/Amazon-ICQA-Associate-Salaries-E6036_D_KO7,21.htm",/yr,$38K - $50K,$38K,$50K,$43K,"$43,079 ",Base Pay,"$38,547/yr",$34K - $43K,Bonus,"$1,986/yr",$1K - $3K,Stock,"$2,546/yr",$2K - $4K,,,,,,,United States,89.50%,4.60%,5.90%,,
1692195141-71,https://www.glassdoor.com/Salary/Amazon-Salaries-E6036.htm,Amazon,View More >,"https://www.glassdoor.com/Salary/Amazon-Other-Salaries-EI_IE6036.0,6_DEPT1017.htm",Amazon Other Salaries,Annual Pay,Tier I Associate,"https://www.glassdoor.com/Salary/Amazon-Tier-I-Associate-Salaries-E6036_D_KO7,23.htm",/yr,$40K - $54K,$40K,$54K,$46K,"$45,891 ",Base Pay,"$40,366/yr",$35K - $46K,Bonus,"$2,357/yr",$2K - $3K,Stock,"$3,168/yr",$2K - $4K,,,,,,,United States,88%,5.10%,6.90%,,
1692195147-72,https://www.glassdoor.com/Salary/Amazon-Salaries-E6036.htm,Amazon,View More >,"https://www.glassdoor.com/Salary/Amazon-Other-Salaries-EI_IE6036.0,6_DEPT1017.htm",Amazon Other Salaries,Annual Pay,Fufillment Associate,"https://www.glassdoor.com/Salary/Amazon-Fufillment-Associate-Salaries-E6036_D_KO7,27.htm",/yr,$35K - $44K,$35K,$44K,$39K,"$39,101 ",Base Pay,"$36,218/yr",$32K - $40K,Stock,"$2,884/yr",$2K - $4K,,,,,,,,,,United States,92.60%,7.40%,,,
1692195154-73,https://www.glassdoor.com/Salary/Amazon-Salaries-E6036.htm,Amazon,View More >,"https://www.glassdoor.com/Salary/Amazon-Other-Salaries-EI_IE6036.0,6_DEPT1017.htm",Amazon Other Salaries,Annual Pay,Fullfilment Associate,"https://www.glassdoor.com/Salary/Amazon-Fullfilment-Associate-Salaries-E6036_D_KO7,28.htm",/yr,$33K - $43K,$33K,$43K,$38K,"$37,882 ",Base Pay,"$35,536/yr",$32K - $40K,Stock,"$2,346/yr",$2K - $3K,,,,,,,,,,United States,93.80%,6.20%,,,
1692195163-74,https://www.glassdoor.com/Salary/Amazon-Salaries-E6036.htm,Amazon,View More >,"https://www.glassdoor.com/Salary/Amazon-Other-Salaries-EI_IE6036.0,6_DEPT1017.htm",Amazon Other Salaries,Annual Pay,Associate Tier I,"https://www.glassdoor.com/Salary/Amazon-Associate-Tier-I-Salaries-E6036_D_KO7,23.htm",/yr,$40K - $54K,$40K,$54K,$46K,"$45,891 ",Base Pay,"$40,366/yr",$35K - $46K,Bonus,"$2,357/yr",$2K - $3K,Stock,"$3,168/yr",$2K - $4K,,,,,,,United States,88%,5.10%,6.90%,,
1692195175-75,https://www.glassdoor.com/Salary/Amazon-Salaries-E6036.htm,Amazon,View More >,"https://www.glassdoor.com/Salary/Amazon-Other-Salaries-EI_IE6036.0,6_DEPT1017.htm",Amazon Other Salaries,Annual Pay,SDE2,"https://www.glassdoor.com/Salary/Amazon-SDE2-Salaries-E6036_D_KO7,11.htm",/yr,$152K - $243K,$152K,$243K,$191K,"$190,566 ",Base Pay,"$131,047/yr",$108K - $160K,Bonus,"$18,022/yr",$14K - $25K,Stock,"$41,496/yr",$31K - $58K,,,,,,,United States,68.80%,9.50%,21.80%,,
1692195182-76,https://www.glassdoor.com/Salary/Amazon-Salaries-E6036.htm,Amazon,View More >,"https://www.glassdoor.com/Salary/Amazon-Other-Salaries-EI_IE6036.0,6_DEPT1017.htm",Amazon Other Salaries,Annual Pay,Problem Solver,"https://www.glassdoor.com/Salary/Amazon-Problem-Solver-Salaries-E6036_D_KO7,21.htm",/yr,$43K - $66K,$43K,$66K,$53K,"$52,919 ",Base Pay,"$44,585/yr",$37K - $54K,Bonus,"$3,618/yr",$3K - $5K,Stock,"$4,716/yr",$4K - $7K,,,,,,,United States,84.30%,6.80%,8.90%,,
1692195189-77,https://www.glassdoor.com/Salary/Amazon-Salaries-E6036.htm,Amazon,View More >,"https://www.glassdoor.com/Salary/Amazon-Other-Salaries-EI_IE6036.0,6_DEPT1017.htm",Amazon Other Salaries,Annual Pay,SDE1,"https://www.glassdoor.com/Salary/Amazon-SDE1-Salaries-E6036_D_KO7,11.htm",/yr,$134K - $199K,$134K,$199K,$162K,"$161,799 ",Base Pay,"$117,878/yr",$101K - $138K,Bonus,"$17,615/yr",$13K - $25K,Stock,"$26,306/yr",$20K - $37K,,,,,,,United States,72.90%,10.90%,16.30%,,
1692195195-78,https://www.glassdoor.com/Salary/Amazon-Salaries-E6036.htm,Amazon,View More >,"https://www.glassdoor.com/Salary/Amazon-Other-Salaries-EI_IE6036.0,6_DEPT1017.htm",Amazon Other Salaries,Annual Pay,Intern,"https://www.glassdoor.com/Salary/Amazon-Intern-Salaries-E6036_D_KO7,13.htm",/yr,$42K - $70K,$42K,$70K,$54K,"$53,952 ",Base Pay,"$48,401/yr",$38K - $62K,Stock,"$5,551/yr",$4K - $8K,,,,,,,,,,United States,89.70%,10.30%,,,
1692195201-79,https://www.glassdoor.com/Salary/Amazon-Salaries-E6036.htm,Amazon,View More >,"https://www.glassdoor.com/Salary/Amazon-Other-Salaries-EI_IE6036.0,6_DEPT1017.htm",Amazon Other Salaries,Annual Pay,Stower,"https://www.glassdoor.com/Salary/Amazon-Stower-Salaries-E6036_D_KO7,13.htm",/yr,$33K - $43K,$33K,$43K,$38K,"$37,505 ",Base Pay,"$35,097/yr",$31K - $39K,Stock,"$2,409/yr",$2K - $3K,,,,,,,,,,United States,93.60%,6.40%,,,
1692195214-80,https://www.glassdoor.com/Salary/Amazon-Salaries-E6036.htm,Amazon,View More >,"https://www.glassdoor.com/Salary/Amazon-Information-Technology-Salaries-EI_IE6036.0,6_DEPT1011.htm",Amazon Information Technology Salaries,Annual Pay,IT Support,"https://www.glassdoor.com/Salary/Amazon-IT-Support-Salaries-E6036_D_KO7,17.htm",/yr,$48K - $81K,$48K,$81K,$62K,"$62,236 ",Base Pay,"$51,285/yr",$40K - $65K,Bonus,"$4,929/yr",$4K - $7K,Stock,"$6,022/yr",$5K - $8K,,,,,,,United States,82.40%,7.90%,9.70%,,
1692195219-81,https://www.glassdoor.com/Salary/Amazon-Salaries-E6036.htm,Amazon,View More >,"https://www.glassdoor.com/Salary/Amazon-Information-Technology-Salaries-EI_IE6036.0,6_DEPT1011.htm",Amazon Information Technology Salaries,Annual Pay,IT Equipment Coordinator,"https://www.glassdoor.com/Salary/Amazon-IT-Equipment-Coordinator-Salaries-E6036_D_KO7,31.htm",/yr,$48K - $69K,$48K,$69K,$57K,"$57,179 ",Base Pay,"$48,659/yr",$41K - $57K,Bonus,"$3,668/yr",$3K - $5K,Stock,"$4,852/yr",$4K - $7K,,,,,,,United States,85.10%,6.40%,8.50%,,
1692195226-82,https://www.glassdoor.com/Salary/Amazon-Salaries-E6036.htm,Amazon,View More >,"https://www.glassdoor.com/Salary/Amazon-Information-Technology-Salaries-EI_IE6036.0,6_DEPT1011.htm",Amazon Information Technology Salaries,Annual Pay,Packaging Technician,"https://www.glassdoor.com/Salary/Amazon-Packaging-Technician-Salaries-E6036_D_KO7,27.htm",/yr,$39K - $54K,$39K,$54K,$46K,"$45,970 ",Base Pay,"$40,644/yr",$35K - $47K,Bonus,"$2,269/yr",$2K - $3K,Stock,"$3,057/yr",$2K - $4K,,,,,,,United States,88.40%,4.90%,6.60%,,
1692195233-83,https://www.glassdoor.com/Salary/Amazon-Salaries-E6036.htm,Amazon,View More >,"https://www.glassdoor.com/Salary/Amazon-Information-Technology-Salaries-EI_IE6036.0,6_DEPT1011.htm",Amazon Information Technology Salaries,Annual Pay,Security Engineer,"https://www.glassdoor.com/Salary/Amazon-Security-Engineer-Salaries-E6036_D_KO7,24.htm",/yr,$191K - $319K,$191K,$319K,$244K,"$243,799 ",Base Pay,"$137,465/yr",$111K - $170K,Bonus,"$23,438/yr",$18K - $33K,Stock,"$39,793/yr",$30K - $56K,Commission,"$43,103/yr",$32K - $60K,,,,United States,56.40%,9.60%,16.30%,17.70%,
1692195239-84,https://www.glassdoor.com/Salary/Amazon-Salaries-E6036.htm,Amazon,View More >,"https://www.glassdoor.com/Salary/Amazon-Information-Technology-Salaries-EI_IE6036.0,6_DEPT1011.htm",Amazon Information Technology Salaries,Annual Pay,Transportation Specialist,"https://www.glassdoor.com/Salary/Amazon-Transportation-Specialist-Salaries-E6036_D_KO7,32.htm",/yr,$55K - $86K,$55K,$86K,$68K,"$68,495 ",Base Pay,"$55,294/yr",$46K - $67K,Bonus,"$6,014/yr",$5K - $8K,Stock,"$7,187/yr",$5K - $10K,,,,,,,United States,80.70%,8.80%,10.50%,,
1692195248-85,https://www.glassdoor.com/Salary/Amazon-Salaries-E6036.htm,Amazon,View More >,"https://www.glassdoor.com/Salary/Amazon-Information-Technology-Salaries-EI_IE6036.0,6_DEPT1011.htm",Amazon Information Technology Salaries,Annual Pay,Seller Support Associate,"https://www.glassdoor.com/Salary/Amazon-Seller-Support-Associate-Salaries-E6036_D_KO7,31.htm",/yr,$46K - $75K,$46K,$75K,$58K,"$58,456 ",Base Pay,"$49,389/yr",$39K - $62K,Bonus,"$4,410/yr",$3K - $6K,Stock,"$4,657/yr",$3K - $7K,,,,,,,United States,84.50%,7.50%,8%,,
1692195256-86,https://www.glassdoor.com/Salary/Amazon-Salaries-E6036.htm,Amazon,View More >,"https://www.glassdoor.com/Salary/Amazon-Information-Technology-Salaries-EI_IE6036.0,6_DEPT1011.htm",Amazon Information Technology Salaries,Annual Pay,IT Support Engineer I,"https://www.glassdoor.com/Salary/Amazon-IT-Support-Engineer-I-Salaries-E6036_D_KO7,28.htm",/yr,$78K - $121K,$78K,$121K,$97K,"$96,823 ",Base Pay,"$75,129/yr",$62K - $91K,Bonus,"$10,178/yr",$8K - $14K,Stock,"$11,516/yr",$9K - $16K,,,,,,,United States,77.60%,10.50%,11.90%,,
1692195262-87,https://www.glassdoor.com/Salary/Amazon-Salaries-E6036.htm,Amazon,View More >,"https://www.glassdoor.com/Salary/Amazon-Information-Technology-Salaries-EI_IE6036.0,6_DEPT1011.htm",Amazon Information Technology Salaries,Annual Pay,Support Engineer I,"https://www.glassdoor.com/Salary/Amazon-Support-Engineer-I-Salaries-E6036_D_KO7,25.htm",/yr,$89K - $139K,$89K,$139K,$110K,"$110,347 ",Base Pay,"$83,821/yr",$69K - $102K,Bonus,"$12,394/yr",$9K - $17K,Stock,"$14,132/yr",$11K - $20K,,,,,,,United States,76%,11.20%,12.80%,,
1692195269-88,https://www.glassdoor.com/Salary/Amazon-Salaries-E6036.htm,Amazon,View More >,"https://www.glassdoor.com/Salary/Amazon-Information-Technology-Salaries-EI_IE6036.0,6_DEPT1011.htm",Amazon Information Technology Salaries,Annual Pay,Systems Engineer,"https://www.glassdoor.com/Salary/Amazon-Systems-Engineer-Salaries-E6036_D_KO7,23.htm",/yr,$121K - $201K,$121K,$201K,$155K,"$154,950 ",Base Pay,"$110,915/yr",$88K - $139K,Bonus,"$19,011/yr",$14K - $27K,Stock,"$25,024/yr",$19K - $35K,,,,,,,United States,71.60%,12.30%,16.10%,,
1692195274-89,https://www.glassdoor.com/Salary/Amazon-Salaries-E6036.htm,Amazon,View More >,"https://www.glassdoor.com/Salary/Amazon-Information-Technology-Salaries-EI_IE6036.0,6_DEPT1011.htm",Amazon Information Technology Salaries,Annual Pay,IT Support Engineer,"https://www.glassdoor.com/Salary/Amazon-IT-Support-Engineer-Salaries-E6036_D_KO7,26.htm",/yr,$68K - $112K,$68K,$112K,$87K,"$86,735 ",Base Pay,"$68,421/yr",$54K - $87K,Bonus,"$8,465/yr",$6K - $12K,Stock,"$9,850/yr",$7K - $14K,,,,,,,United States,78.90%,9.80%,11.40%,,
1692195279-90,https://www.glassdoor.com/Salary/Amazon-Salaries-E6036.htm,Amazon,View More >,"https://www.glassdoor.com/Salary/Amazon-Information-Technology-Salaries-EI_IE6036.0,6_DEPT1011.htm",Amazon Information Technology Salaries,Annual Pay,IT Support Technician,"https://www.glassdoor.com/Salary/Amazon-IT-Support-Technician-Salaries-E6036_D_KO7,28.htm",/yr,$45K - $69K,$45K,$69K,$56K,"$55,511 ",Base Pay,"$47,290/yr",$39K - $58K,Bonus,"$3,536/yr",$3K - $5K,Stock,"$4,685/yr",$4K - $7K,,,,,,,United States,85.20%,6.40%,8.40%,,
1692195285-91,https://www.glassdoor.com/Salary/Amazon-Salaries-E6036.htm,Amazon,View More >,"https://www.glassdoor.com/Salary/Amazon-Information-Technology-Salaries-EI_IE6036.0,6_DEPT1011.htm",Amazon Information Technology Salaries,Annual Pay,Cloud Support Engineer I,"https://www.glassdoor.com/Salary/Amazon-Cloud-Support-Engineer-I-Salaries-E6036_D_KO7,31.htm",/yr,$106K - $164K,$106K,$164K,$131K,"$131,131 ",Base Pay,"$98,023/yr",$81K - $118K,Bonus,"$16,116/yr",$12K - $23K,Stock,"$16,991/yr",$13K - $24K,,,,,,,United States,74.80%,12.30%,13%,,
1692195289-92,https://www.glassdoor.com/Salary/Amazon-Salaries-E6036.htm,Amazon,View More >,"https://www.glassdoor.com/Salary/Amazon-Information-Technology-Salaries-EI_IE6036.0,6_DEPT1011.htm",Amazon Information Technology Salaries,Annual Pay,Support Engineer,"https://www.glassdoor.com/Salary/Amazon-Support-Engineer-Salaries-E6036_D_KO7,23.htm",/yr,$101K - $167K,$101K,$167K,$129K,"$129,199 ",Base Pay,"$97,154/yr",$77K - $122K,Bonus,"$14,127/yr",$11K - $20K,Stock,"$17,919/yr",$13K - $25K,,,,,,,United States,75.20%,10.90%,13.90%,,
1692195293-93,https://www.glassdoor.com/Salary/Amazon-Salaries-E6036.htm,Amazon,View More >,"https://www.glassdoor.com/Salary/Amazon-Information-Technology-Salaries-EI_IE6036.0,6_DEPT1011.htm",Amazon Information Technology Salaries,Annual Pay,Support Engineer IV,"https://www.glassdoor.com/Salary/Amazon-Support-Engineer-IV-Salaries-E6036_D_KO7,26.htm",/yr,$156K - $246K,$156K,$246K,$194K,"$194,037 ",Base Pay,"$133,814/yr",$111K - $161K,Bonus,"$23,427/yr",$18K - $33K,Stock,"$36,796/yr",$28K - $52K,,,,,,,United States,69%,12.10%,19%,,
1692195298-94,https://www.glassdoor.com/Salary/Amazon-Salaries-E6036.htm,Amazon,View More >,"https://www.glassdoor.com/Salary/Amazon-Information-Technology-Salaries-EI_IE6036.0,6_DEPT1011.htm",Amazon Information Technology Salaries,Annual Pay,IT Support Associate II,"https://www.glassdoor.com/Salary/Amazon-IT-Support-Associate-II-Salaries-E6036_D_KO7,30.htm",/yr,$48K - $72K,$48K,$72K,$58K,"$58,473 ",Base Pay,"$49,915/yr",$42K - $60K,Bonus,"$3,730/yr",$3K - $5K,Stock,"$4,829/yr",$4K - $7K,,,,,,,United States,85.40%,6.40%,8.30%,,
1692195307-95,https://www.glassdoor.com/Salary/Amazon-Salaries-E6036.htm,Amazon,View More >,"https://www.glassdoor.com/Salary/Amazon-Information-Technology-Salaries-EI_IE6036.0,6_DEPT1011.htm",Amazon Information Technology Salaries,Annual Pay,Whs Specialist,"https://www.glassdoor.com/Salary/Amazon-Whs-Specialist-Salaries-E6036_D_KO7,21.htm",/yr,$62K - $100K,$62K,$100K,$78K,"$78,324 ",Base Pay,"$60,132/yr",$49K - $74K,Bonus,"$8,057/yr",$6K - $11K,Stock,"$10,134/yr",$8K - $14K,,,,,,,United States,76.80%,10.30%,12.90%,,
1692195312-96,https://www.glassdoor.com/Salary/Amazon-Salaries-E6036.htm,Amazon,View More >,"https://www.glassdoor.com/Salary/Amazon-Information-Technology-Salaries-EI_IE6036.0,6_DEPT1011.htm",Amazon Information Technology Salaries,Annual Pay,Cloud Support Engineer,"https://www.glassdoor.com/Salary/Amazon-Cloud-Support-Engineer-Salaries-E6036_D_KO7,29.htm",/yr,$111K - $173K,$111K,$173K,$137K,"$137,466 ",Base Pay,"$103,638/yr",$85K - $126K,Bonus,"$15,472/yr",$12K - $22K,Stock,"$18,356/yr",$14K - $26K,,,,,,,United States,75.40%,11.30%,13.40%,,
1692195326-97,https://www.glassdoor.com/Salary/Amazon-Salaries-E6036.htm,Amazon,View More >,"https://www.glassdoor.com/Salary/Amazon-Information-Technology-Salaries-EI_IE6036.0,6_DEPT1011.htm",Amazon Information Technology Salaries,Annual Pay,Support Associate,"https://www.glassdoor.com/Salary/Amazon-Support-Associate-Salaries-E6036_D_KO7,24.htm",/yr,$44K - $65K,$44K,$65K,$53K,"$53,407 ",Base Pay,"$45,946/yr",$39K - $55K,Bonus,"$3,271/yr",$2K - $5K,Stock,"$4,189/yr",$3K - $6K,,,,,,,United States,86%,6.10%,7.80%,,
1692195336-98,https://www.glassdoor.com/Salary/Amazon-Salaries-E6036.htm,Amazon,View More >,"https://www.glassdoor.com/Salary/Amazon-Information-Technology-Salaries-EI_IE6036.0,6_DEPT1011.htm",Amazon Information Technology Salaries,Annual Pay,Support Engineer III,"https://www.glassdoor.com/Salary/Amazon-Support-Engineer-III-Salaries-E6036_D_KO7,27.htm",/yr,$139K - $221K,$139K,$221K,$174K,"$173,935 ",Base Pay,"$122,222/yr",$101K - $149K,Bonus,"$20,958/yr",$16K - $29K,Stock,"$30,755/yr",$23K - $43K,,,,,,,United States,70.30%,12%,17.70%,,
1692195341-99,https://www.glassdoor.com/Salary/Amazon-Salaries-E6036.htm,Amazon,View More >,"https://www.glassdoor.com/Salary/Amazon-Information-Technology-Salaries-EI_IE6036.0,6_DEPT1011.htm",Amazon Information Technology Salaries,Annual Pay,Cloud Support Associate,"https://www.glassdoor.com/Salary/Amazon-Cloud-Support-Associate-Salaries-E6036_D_KO7,30.htm",/yr,$82K - $128K,$82K,$128K,$102K,"$101,729 ",Base Pay,"$80,922/yr",$66K - $99K,Bonus,"$10,225/yr",$8K - $14K,Stock,"$10,581/yr",$8K - $15K,,,,,,,United States,79.50%,10.10%,10.40%,,
1692195352-100,https://www.glassdoor.com/Salary/Amazon-Salaries-E6036.htm,Amazon,View More >,"https://www.glassdoor.com/Salary/Amazon-Operations-Salaries-EI_IE6036.0,6_DEPT1016.htm",Amazon Operations Salaries,Annual Pay,Senior Instock Manager,"https://www.glassdoor.com/Salary/Amazon-Senior-Instock-Manager-Salaries-E6036_D_KO7,29.htm",/yr,$94K - $155K,$94K,$155K,$120K,"$120,129 ",Base Pay,"$89,785/yr",$72K - $113K,Bonus,"$12,146/yr",$9K - $17K,Stock,"$18,198/yr",$14K - $25K,,,,,,,United States,74.70%,10.10%,15.10%,,
1692195359-101,https://www.glassdoor.com/Salary/Amazon-Salaries-E6036.htm,Amazon,View More >,"https://www.glassdoor.com/Salary/Amazon-Operations-Salaries-EI_IE6036.0,6_DEPT1016.htm",Amazon Operations Salaries,Annual Pay,"Sr. Manager, Operations",https://www.glassdoor.com/Salary/Amazon-Sr-Manager-Operations-Salaries-E6036_DAO.htm?filter.jobTitleExact=Sr.+Manager%2C+Operations,/yr,$211K - $346K,$211K,$346K,$268K,"$267,546 ",Base Pay,"$168,106/yr",$137K - $206K,Bonus,"$36,188/yr",$27K - $51K,Stock,"$63,252/yr",$47K - $89K,,,,,,,United States,62.80%,13.50%,23.60%,,
1692195366-102,https://www.glassdoor.com/Salary/Amazon-Salaries-E6036.htm,Amazon,View More >,"https://www.glassdoor.com/Salary/Amazon-Operations-Salaries-EI_IE6036.0,6_DEPT1016.htm",Amazon Operations Salaries,Annual Pay,Transportation,"https://www.glassdoor.com/Salary/Amazon-Transportation-Salaries-E6036_D_KO7,21.htm",/yr,$48K - $78K,$48K,$78K,$61K,"$60,966 ",Base Pay,"$54,591/yr",$43K - $69K,Stock,"$6,375/yr",$5K - $9K,,,,,,,,,,United States,89.50%,10.50%,,,
1692195373-103,https://www.glassdoor.com/Salary/Amazon-Salaries-E6036.htm,Amazon,View More >,"https://www.glassdoor.com/Salary/Amazon-Operations-Salaries-EI_IE6036.0,6_DEPT1016.htm",Amazon Operations Salaries,Annual Pay,Field Transportation Lead,"https://www.glassdoor.com/Salary/Amazon-Field-Transportation-Lead-Salaries-E6036_D_KO7,32.htm",/yr,$53K - $79K,$53K,$79K,$65K,"$64,599 ",Base Pay,"$51,224/yr",$43K - $61K,Bonus,"$6,307/yr",$5K - $9K,Stock,"$7,068/yr",$5K - $10K,,,,,,,United States,79.30%,9.80%,10.90%,,
1692195377-104,https://www.glassdoor.com/Salary/Amazon-Salaries-E6036.htm,Amazon,View More >,"https://www.glassdoor.com/Salary/Amazon-Operations-Salaries-EI_IE6036.0,6_DEPT1016.htm",Amazon Operations Salaries,Annual Pay,Transportation Manager,"https://www.glassdoor.com/Salary/Amazon-Transportation-Manager-Salaries-E6036_D_KO7,29.htm",/yr,$97K - $157K,$97K,$157K,$123K,"$122,706 ",Base Pay,"$87,513/yr",$71K - $108K,Bonus,"$14,576/yr",$11K - $20K,Stock,"$20,618/yr",$15K - $29K,,,,,,,United States,71.30%,11.90%,16.80%,,
1692195382-105,https://www.glassdoor.com/Salary/Amazon-Salaries-E6036.htm,Amazon,View More >,"https://www.glassdoor.com/Salary/Amazon-Operations-Salaries-EI_IE6036.0,6_DEPT1016.htm",Amazon Operations Salaries,Annual Pay,Knowledge Engineer,"https://www.glassdoor.com/Salary/Amazon-Knowledge-Engineer-Salaries-E6036_D_KO7,25.htm",/yr,$122K - $198K,$122K,$198K,$154K,"$154,232 ",Base Pay,"$114,640/yr",$92K - $142K,Bonus,"$16,549/yr",$12K - $23K,Stock,"$23,043/yr",$17K - $32K,,,,,,,United States,74.30%,10.70%,14.90%,,
1692195387-106,https://www.glassdoor.com/Salary/Amazon-Salaries-E6036.htm,Amazon,View More >,"https://www.glassdoor.com/Salary/Amazon-Operations-Salaries-EI_IE6036.0,6_DEPT1016.htm",Amazon Operations Salaries,Annual Pay,Instock Manager,"https://www.glassdoor.com/Salary/Amazon-Instock-Manager-Salaries-E6036_D_KO7,22.htm",/yr,$103K - $174K,$103K,$174K,$133K,"$133,039 ",Base Pay,"$99,040/yr",$78K - $126K,Bonus,"$13,312/yr",$10K - $19K,Stock,"$20,687/yr",$16K - $29K,,,,,,,United States,74.40%,10%,15.50%,,
1692195403-107,https://www.glassdoor.com/Salary/Amazon-Salaries-E6036.htm,Amazon,View More >,"https://www.glassdoor.com/Salary/Amazon-Operations-Salaries-EI_IE6036.0,6_DEPT1016.htm",Amazon Operations Salaries,Annual Pay,Logistics Coordinator,"https://www.glassdoor.com/Salary/Amazon-Logistics-Coordinator-Salaries-E6036_D_KO7,28.htm",/yr,$63K - $98K,$63K,$98K,$78K,"$78,048 ",Base Pay,"$52,842/yr",$44K - $63K,Bonus,"$5,504/yr",$4K - $8K,Stock,"$6,318/yr",$5K - $9K,Commission,"$13,385/yr",$10K - $19K,,,,United States,67.70%,7.10%,8.10%,17.10%,
1692195459-108,https://www.glassdoor.com/Salary/Amazon-Salaries-E6036.htm,Amazon,View More >,"https://www.glassdoor.com/Salary/Amazon-Operations-Salaries-EI_IE6036.0,6_DEPT1016.htm",Amazon Operations Salaries,Annual Pay,Central Operations Associate,"https://www.glassdoor.com/Salary/Amazon-Central-Operations-Associate-Salaries-E6036_D_KO7,35.htm",/yr,$48K - $72K,$48K,$72K,$58K,"$58,453 ",Base Pay,"$48,194/yr",$40K - $58K,Bonus,"$4,884/yr",$4K - $7K,Stock,"$5,375/yr",$4K - $8K,,,,,,,United States,82.40%,8.40%,9.20%,,
1692195499-109,https://www.glassdoor.com/Salary/Amazon-Salaries-E6036.htm,Amazon,View More >,"https://www.glassdoor.com/Salary/Amazon-Operations-Salaries-EI_IE6036.0,6_DEPT1016.htm",Amazon Operations Salaries,Annual Pay,Operations,"https://www.glassdoor.com/Salary/Amazon-Operations-Salaries-E6036_D_KO7,17.htm",/yr,$57K - $100K,$57K,$100K,$75K,"$75,023 ",Base Pay,"$59,483/yr",$45K - $78K,Bonus,"$7,139/yr",$5K - $10K,Stock,"$8,402/yr",$6K - $12K,,,,,,,United States,79.30%,9.50%,11.20%,,
1692195510-110,https://www.glassdoor.com/Salary/Amazon-Salaries-E6036.htm,Amazon,View More >,"https://www.glassdoor.com/Salary/Amazon-Operations-Salaries-EI_IE6036.0,6_DEPT1016.htm",Amazon Operations Salaries,Annual Pay,Area Operations Manager,"https://www.glassdoor.com/Salary/Amazon-Area-Operations-Manager-Salaries-E6036_D_KO7,30.htm",/yr,$120K - $194K,$120K,$194K,$150K,"$150,045 ",Base Pay,"$77,181/yr",$65K - $92K,Bonus,"$15,629/yr",$12K - $22K,Stock,"$19,592/yr",$15K - $27K,Commission,"$37,643/yr",$28K - $53K,,,,United States,51.40%,10.40%,13.10%,25.10%,
1692195518-111,https://www.glassdoor.com/Salary/Amazon-Salaries-E6036.htm,Amazon,View More >,"https://www.glassdoor.com/Salary/Amazon-Operations-Salaries-EI_IE6036.0,6_DEPT1016.htm",Amazon Operations Salaries,Annual Pay,Supply Chain Manager,"https://www.glassdoor.com/Salary/Amazon-Supply-Chain-Manager-Salaries-E6036_D_KO7,27.htm",/yr,$90K - $155K,$90K,$155K,$117K,"$116,527 ",Base Pay,"$62,980/yr",$50K - $80K,Bonus,"$11,599/yr",$9K - $16K,Stock,"$11,338/yr",$9K - $16K,Commission,"$30,610/yr",$23K - $43K,,,,United States,54%,10%,9.70%,26.30%,
1692195524-112,https://www.glassdoor.com/Salary/Amazon-Salaries-E6036.htm,Amazon,View More >,"https://www.glassdoor.com/Salary/Amazon-Operations-Salaries-EI_IE6036.0,6_DEPT1016.htm",Amazon Operations Salaries,Annual Pay,Ops Manager,"https://www.glassdoor.com/Salary/Amazon-Ops-Manager-Salaries-E6036_D_KO7,18.htm",/yr,$118K - $198K,$118K,$198K,$152K,"$151,875 ",Base Pay,"$102,483/yr",$81K - $129K,Bonus,"$20,044/yr",$15K - $28K,Stock,"$29,348/yr",$22K - $41K,,,,,,,United States,67.50%,13.20%,19.30%,,
1692195540-113,https://www.glassdoor.com/Salary/Amazon-Salaries-E6036.htm,Amazon,View More >,"https://www.glassdoor.com/Salary/Amazon-Operations-Salaries-EI_IE6036.0,6_DEPT1016.htm",Amazon Operations Salaries,Annual Pay,Logistics Specialist,"https://www.glassdoor.com/Salary/Amazon-Logistics-Specialist-Salaries-E6036_D_KO7,27.htm",/yr,$56K - $87K,$56K,$87K,$70K,"$69,590 ",Base Pay,"$56,663/yr",$47K - $69K,Bonus,"$5,997/yr",$4K - $8K,Stock,"$6,930/yr",$5K - $10K,,,,,,,United States,81.40%,8.60%,10%,,
1692195555-114,https://www.glassdoor.com/Salary/Amazon-Salaries-E6036.htm,Amazon,View More >,"https://www.glassdoor.com/Salary/Amazon-Operations-Salaries-EI_IE6036.0,6_DEPT1016.htm",Amazon Operations Salaries,Annual Pay,Fulfillment Center Associate,"https://www.glassdoor.com/Salary/Amazon-Fulfillment-Center-Associate-Salaries-E6036_D_KO7,35.htm",/yr,$38K - $51K,$38K,$51K,$44K,"$43,853 ",Base Pay,"$37,918/yr",$34K - $42K,Bonus,"$2,531/yr",$2K - $4K,Stock,"$3,404/yr",$3K - $5K,,,,,,,United States,86.50%,5.80%,7.80%,,
1692195562-115,https://www.glassdoor.com/Salary/Amazon-Salaries-E6036.htm,Amazon,View More >,"https://www.glassdoor.com/Salary/Amazon-Operations-Salaries-EI_IE6036.0,6_DEPT1016.htm",Amazon Operations Salaries,Annual Pay,Senior Operations Manager,"https://www.glassdoor.com/Salary/Amazon-Senior-Operations-Manager-Salaries-E6036_D_KO7,32.htm",/yr,$176K - $283K,$176K,$283K,$221K,"$221,038 ",Base Pay,"$143,568/yr",$118K - $174K,Bonus,"$26,587/yr",$20K - $37K,Stock,"$50,884/yr",$38K - $71K,,,,,,,United States,65%,12%,23%,,
1692195569-116,https://www.glassdoor.com/Salary/Amazon-Salaries-E6036.htm,Amazon,View More >,"https://www.glassdoor.com/Salary/Amazon-Operations-Salaries-EI_IE6036.0,6_DEPT1016.htm",Amazon Operations Salaries,Annual Pay,Transportation Associate,"https://www.glassdoor.com/Salary/Amazon-Transportation-Associate-Salaries-E6036_D_KO7,31.htm",/yr,$43K - $61K,$43K,$61K,$51K,"$50,792 ",Base Pay,"$43,675/yr",$37K - $51K,Bonus,"$2,989/yr",$2K - $4K,Stock,"$4,128/yr",$3K - $6K,,,,,,,United States,86%,5.90%,8.10%,,
1692195576-117,https://www.glassdoor.com/Salary/Amazon-Salaries-E6036.htm,Amazon,View More >,"https://www.glassdoor.com/Salary/Amazon-Operations-Salaries-EI_IE6036.0,6_DEPT1016.htm",Amazon Operations Salaries,Annual Pay,Operations Manager,"https://www.glassdoor.com/Salary/Amazon-Operations-Manager-Salaries-E6036_D_KO7,25.htm",/yr,$142K - $239K,$142K,$239K,$182K,"$181,837 ",Base Pay,"$97,970/yr",$79K - $121K,Bonus,"$17,947/yr",$13K - $25K,Stock,"$28,013/yr",$21K - $39K,Commission,"$37,908/yr",$28K - $53K,,,,United States,53.90%,9.90%,15.40%,20.80%,
1692195595-118,https://www.glassdoor.com/Salary/Amazon-Salaries-E6036.htm,Amazon,View More >,"https://www.glassdoor.com/Salary/Amazon-Product-and-Project-Management-Salaries-EI_IE6036.0,6_DEPT1018.htm",Amazon Product & Project Management Salaries,Annual Pay,Sr. Product Manager Tech.,https://www.glassdoor.com/Salary/Amazon-Sr-Product-Manager-Tech-Salaries-E6036_DAO.htm?filter.jobTitleExact=Sr.+Product+Manager+Tech.,/yr,$221K - $353K,$221K,$353K,$276K,"$276,320 ",Base Pay,"$170,321/yr",$142K - $205K,Bonus,"$37,005/yr",$28K - $52K,Stock,"$68,994/yr",$52K - $97K,,,,,,,United States,61.60%,13.40%,25%,,
1692195613-119,https://www.glassdoor.com/Salary/Amazon-Salaries-E6036.htm,Amazon,View More >,"https://www.glassdoor.com/Salary/Amazon-Product-and-Project-Management-Salaries-EI_IE6036.0,6_DEPT1018.htm",Amazon Product & Project Management Salaries,Annual Pay,Product Manager II,"https://www.glassdoor.com/Salary/Amazon-Product-Manager-II-Salaries-E6036_D_KO7,25.htm",/yr,$194K - $293K,$194K,$293K,$236K,"$235,651 ",Base Pay,"$151,405/yr",$131K - $175K,Bonus,"$29,242/yr",$22K - $41K,Stock,"$55,004/yr",$41K - $77K,,,,,,,United States,64.20%,12.40%,23.30%,,
1692195622-120,https://www.glassdoor.com/Salary/Amazon-Salaries-E6036.htm,Amazon,View More >,"https://www.glassdoor.com/Salary/Amazon-Product-and-Project-Management-Salaries-EI_IE6036.0,6_DEPT1018.htm",Amazon Product & Project Management Salaries,Annual Pay,Senior Technical Product Manager,"https://www.glassdoor.com/Salary/Amazon-Senior-Technical-Product-Manager-Salaries-E6036_D_KO7,39.htm",/yr,$196K - $311K,$196K,$311K,$244K,"$244,246 ",Base Pay,"$156,814/yr",$130K - $189K,Bonus,"$31,339/yr",$24K - $44K,Stock,"$56,093/yr",$42K - $79K,,,,,,,United States,64.20%,12.80%,23%,,
1692195629-121,https://www.glassdoor.com/Salary/Amazon-Salaries-E6036.htm,Amazon,View More >,"https://www.glassdoor.com/Salary/Amazon-Product-and-Project-Management-Salaries-EI_IE6036.0,6_DEPT1018.htm",Amazon Product & Project Management Salaries,Annual Pay,Senior Product Manager - Technical,https://www.glassdoor.com/Salary/Amazon-Senior-Product-Manager-Technical-Salaries-E6036_DAO.htm?filter.jobTitleExact=Senior+Product+Manager+-+Technical,/yr,$196K - $311K,$196K,$311K,$244K,"$244,246 ",Base Pay,"$156,814/yr",$130K - $189K,Bonus,"$31,339/yr",$24K - $44K,Stock,"$56,093/yr",$42K - $79K,,,,,,,United States,64.20%,12.80%,23%,,
1692195636-122,https://www.glassdoor.com/Salary/Amazon-Salaries-E6036.htm,Amazon,View More >,"https://www.glassdoor.com/Salary/Amazon-Product-and-Project-Management-Salaries-EI_IE6036.0,6_DEPT1018.htm",Amazon Product & Project Management Salaries,Annual Pay,Principal Product Manager,"https://www.glassdoor.com/Salary/Amazon-Principal-Product-Manager-Salaries-E6036_D_KO7,32.htm",/yr,$242K - $373K,$242K,$373K,$297K,"$296,919 ",Base Pay,"$181,000/yr",$155K - $211K,Bonus,"$42,228/yr",$32K - $59K,Stock,"$73,692/yr",$55K - $103K,,,,,,,United States,61%,14.20%,24.80%,,
1692195643-123,https://www.glassdoor.com/Salary/Amazon-Salaries-E6036.htm,Amazon,View More >,"https://www.glassdoor.com/Salary/Amazon-Product-and-Project-Management-Salaries-EI_IE6036.0,6_DEPT1018.htm",Amazon Product & Project Management Salaries,Annual Pay,Technical Product Manager III,"https://www.glassdoor.com/Salary/Amazon-Technical-Product-Manager-III-Salaries-E6036_D_KO7,36.htm",/yr,$224K - $342K,$224K,$342K,$274K,"$273,702 ",Base Pay,"$170,503/yr",$147K - $198K,Bonus,"$35,839/yr",$27K - $50K,Stock,"$67,361/yr",$51K - $94K,,,,,,,United States,62.30%,13.10%,24.60%,,
1692195650-124,https://www.glassdoor.com/Salary/Amazon-Salaries-E6036.htm,Amazon,View More >,"https://www.glassdoor.com/Salary/Amazon-Product-and-Project-Management-Salaries-EI_IE6036.0,6_DEPT1018.htm",Amazon Product & Project Management Salaries,Annual Pay,Program Manager III,"https://www.glassdoor.com/Salary/Amazon-Program-Manager-III-Salaries-E6036_D_KO7,26.htm",/yr,$185K - $273K,$185K,$273K,$222K,"$221,818 ",Base Pay,"$146,669/yr",$128K - $168K,Bonus,"$27,219/yr",$20K - $38K,Stock,"$47,930/yr",$36K - $67K,,,,,,,United States,66.10%,12.30%,21.60%,,
1692195654-125,https://www.glassdoor.com/Salary/Amazon-Salaries-E6036.htm,Amazon,View More >,"https://www.glassdoor.com/Salary/Amazon-Product-and-Project-Management-Salaries-EI_IE6036.0,6_DEPT1018.htm",Amazon Product & Project Management Salaries,Annual Pay,Product Manager III,"https://www.glassdoor.com/Salary/Amazon-Product-Manager-III-Salaries-E6036_D_KO7,26.htm",/yr,$226K - $341K,$226K,$341K,$274K,"$274,405 ",Base Pay,"$169,462/yr",$148K - $195K,Bonus,"$35,955/yr",$27K - $50K,Stock,"$68,989/yr",$52K - $97K,,,,,,,United States,61.80%,13.10%,25.10%,,
1692195659-126,https://www.glassdoor.com/Salary/Amazon-Salaries-E6036.htm,Amazon,View More >,"https://www.glassdoor.com/Salary/Amazon-Product-and-Project-Management-Salaries-EI_IE6036.0,6_DEPT1018.htm",Amazon Product & Project Management Salaries,Annual Pay,Sr. Product Manager,https://www.glassdoor.com/Salary/Amazon-Sr-Product-Manager-Salaries-E6036_DAO.htm?filter.jobTitleExact=Sr.+Product+Manager,/yr,$202K - $316K,$202K,$316K,$250K,"$249,869 ",Base Pay,"$157,172/yr",$132K - $187K,Bonus,"$31,114/yr",$23K - $44K,Stock,"$61,583/yr",$46K - $86K,,,,,,,United States,62.90%,12.50%,24.60%,,
1692195666-127,https://www.glassdoor.com/Salary/Amazon-Salaries-E6036.htm,Amazon,View More >,"https://www.glassdoor.com/Salary/Amazon-Product-and-Project-Management-Salaries-EI_IE6036.0,6_DEPT1018.htm",Amazon Product & Project Management Salaries,Annual Pay,Senior Technical Program Manager,"https://www.glassdoor.com/Salary/Amazon-Senior-Technical-Program-Manager-Salaries-E6036_D_KO7,39.htm",/yr,$245K - $372K,$245K,$372K,$298K,"$298,049 ",Base Pay,"$184,715/yr",$160K - $214K,Bonus,"$40,507/yr",$30K - $57K,Stock,"$72,827/yr",$55K - $102K,,,,,,,United States,62%,13.60%,24.40%,,
1692195672-128,https://www.glassdoor.com/Salary/Amazon-Salaries-E6036.htm,Amazon,View More >,"https://www.glassdoor.com/Salary/Amazon-Product-and-Project-Management-Salaries-EI_IE6036.0,6_DEPT1018.htm",Amazon Product & Project Management Salaries,Annual Pay,Sr Program Manager,"https://www.glassdoor.com/Salary/Amazon-Sr-Program-Manager-Salaries-E6036_D_KO7,25.htm",/yr,$207K - $314K,$207K,$314K,$252K,"$252,222 ",Base Pay,"$165,083/yr",$142K - $192K,Bonus,"$31,651/yr",$24K - $44K,Stock,"$55,489/yr",$42K - $78K,,,,,,,United States,65.50%,12.50%,22%,,
1692195676-129,https://www.glassdoor.com/Salary/Amazon-Salaries-E6036.htm,Amazon,View More >,"https://www.glassdoor.com/Salary/Amazon-Product-and-Project-Management-Salaries-EI_IE6036.0,6_DEPT1018.htm",Amazon Product & Project Management Salaries,Annual Pay,Technical Program Manager,"https://www.glassdoor.com/Salary/Amazon-Technical-Program-Manager-Salaries-E6036_D_KO7,32.htm",/yr,$194K - $292K,$194K,$292K,$235K,"$235,361 ",Base Pay,"$154,728/yr",$133K - $180K,Bonus,"$28,153/yr",$21K - $39K,Stock,"$52,480/yr",$39K - $73K,,,,,,,United States,65.70%,12%,22.30%,,
1692195683-130,https://www.glassdoor.com/Salary/Amazon-Salaries-E6036.htm,Amazon,View More >,"https://www.glassdoor.com/Salary/Amazon-Product-and-Project-Management-Salaries-EI_IE6036.0,6_DEPT1018.htm",Amazon Product & Project Management Salaries,Annual Pay,Project Manager,"https://www.glassdoor.com/Salary/Amazon-Project-Manager-Salaries-E6036_D_KO7,22.htm",/yr,$129K - $214K,$129K,$214K,$165K,"$164,868 ",Base Pay,"$118,095/yr",$94K - $148K,Bonus,"$18,113/yr",$14K - $25K,Stock,"$28,660/yr",$21K - $40K,,,,,,,United States,71.60%,11%,17.40%,,
1692195691-131,https://www.glassdoor.com/Salary/Amazon-Salaries-E6036.htm,Amazon,View More >,"https://www.glassdoor.com/Salary/Amazon-Product-and-Project-Management-Salaries-EI_IE6036.0,6_DEPT1018.htm",Amazon Product & Project Management Salaries,Annual Pay,Technical Program Manager III,"https://www.glassdoor.com/Salary/Amazon-Technical-Program-Manager-III-Salaries-E6036_D_KO7,36.htm",/yr,$225K - $336K,$225K,$336K,$272K,"$271,717 ",Base Pay,"$171,396/yr",$150K - $196K,Bonus,"$36,084/yr",$27K - $51K,Stock,"$64,236/yr",$48K - $90K,,,,,,,United States,63.10%,13.30%,23.60%,,
1692195696-132,https://www.glassdoor.com/Salary/Amazon-Salaries-E6036.htm,Amazon,View More >,"https://www.glassdoor.com/Salary/Amazon-Product-and-Project-Management-Salaries-EI_IE6036.0,6_DEPT1018.htm",Amazon Product & Project Management Salaries,Annual Pay,Technical Program Manager II,"https://www.glassdoor.com/Salary/Amazon-Technical-Program-Manager-II-Salaries-E6036_D_KO7,35.htm",/yr,$204K - $305K,$204K,$305K,$246K,"$246,356 ",Base Pay,"$160,086/yr",$139K - $184K,Bonus,"$31,608/yr",$24K - $44K,Stock,"$54,661/yr",$41K - $77K,,,,,,,United States,65%,12.80%,22.20%,,
1692195709-133,https://www.glassdoor.com/Salary/Amazon-Salaries-E6036.htm,Amazon,View More >,"https://www.glassdoor.com/Salary/Amazon-Product-and-Project-Management-Salaries-EI_IE6036.0,6_DEPT1018.htm",Amazon Product & Project Management Salaries,Annual Pay,Program Manager II,"https://www.glassdoor.com/Salary/Amazon-Program-Manager-II-Salaries-E6036_D_KO7,25.htm",/yr,$155K - $230K,$155K,$230K,$187K,"$186,778 ",Base Pay,"$131,060/yr",$113K - $152K,Bonus,"$21,789/yr",$16K - $31K,Stock,"$33,929/yr",$25K - $48K,,,,,,,United States,70.20%,11.70%,18.20%,,
1692195719-134,https://www.glassdoor.com/Salary/Amazon-Salaries-E6036.htm,Amazon,View More >,"https://www.glassdoor.com/Salary/Amazon-Product-and-Project-Management-Salaries-EI_IE6036.0,6_DEPT1018.htm",Amazon Product & Project Management Salaries,Annual Pay,Product Manager,"https://www.glassdoor.com/Salary/Amazon-Product-Manager-Salaries-E6036_D_KO7,22.htm",/yr,$185K - $293K,$185K,$293K,$230K,"$230,239 ",Base Pay,"$149,425/yr",$124K - $180K,Bonus,"$27,659/yr",$21K - $39K,Stock,"$53,155/yr",$40K - $74K,,,,,,,United States,64.90%,12%,23.10%,,
1692195729-135,https://www.glassdoor.com/Salary/Amazon-Salaries-E6036.htm,Amazon,View More >,"https://www.glassdoor.com/Salary/Amazon-Product-and-Project-Management-Salaries-EI_IE6036.0,6_DEPT1018.htm",Amazon Product & Project Management Salaries,Annual Pay,Senior Program Manager,"https://www.glassdoor.com/Salary/Amazon-Senior-Program-Manager-Salaries-E6036_D_KO7,29.htm",/yr,$215K - $332K,$215K,$332K,$264K,"$264,223 ",Base Pay,"$167,742/yr",$143K - $197K,Bonus,"$33,700/yr",$25K - $47K,Stock,"$62,781/yr",$47K - $88K,,,,,,,United States,63.50%,12.80%,23.80%,,
1692195741-136,https://www.glassdoor.com/Salary/Amazon-Salaries-E6036.htm,Amazon,View More >,"https://www.glassdoor.com/Salary/Amazon-Product-and-Project-Management-Salaries-EI_IE6036.0,6_DEPT1018.htm",Amazon Product & Project Management Salaries,Annual Pay,Senior Product Manager,"https://www.glassdoor.com/Salary/Amazon-Senior-Product-Manager-Salaries-E6036_D_KO7,29.htm",/yr,$224K - $346K,$224K,$346K,$275K,"$274,842 ",Base Pay,"$169,072/yr",$144K - $198K,Bonus,"$37,210/yr",$28K - $52K,Stock,"$68,560/yr",$51K - $96K,,,,,,,United States,61.50%,13.50%,24.90%,,
1692195748-137,https://www.glassdoor.com/Salary/Amazon-Salaries-E6036.htm,Amazon,View More >,"https://www.glassdoor.com/Salary/Amazon-Product-and-Project-Management-Salaries-EI_IE6036.0,6_DEPT1018.htm",Amazon Product & Project Management Salaries,Annual Pay,Program Manager,"https://www.glassdoor.com/Salary/Amazon-Program-Manager-Salaries-E6036_D_KO7,22.htm",/yr,$158K - $253K,$158K,$253K,$198K,"$198,128 ",Base Pay,"$137,129/yr",$112K - $168K,Bonus,"$22,799/yr",$17K - $32K,Stock,"$38,200/yr",$29K - $53K,,,,,,,United States,69.20%,11.50%,19.30%,,
1692195776-138,https://www.glassdoor.com/Salary/Amazon-Salaries-E6036.htm,Amazon,View More >,"https://www.glassdoor.com/Salary/Amazon-Business-Salaries-EI_IE6036.0,6_DEPT1003.htm",Amazon Business Salaries,Annual Pay,Flex Associate,"https://www.glassdoor.com/Salary/Amazon-Flex-Associate-Salaries-E6036_D_KO7,21.htm",/yr,$42K - $56K,$42K,$56K,$48K,"$48,252 ",Base Pay,"$40,808/yr",$36K - $46K,Bonus,"$3,270/yr",$2K - $5K,Stock,"$4,173/yr",$3K - $6K,,,,,,,United States,84.60%,6.80%,8.60%,,
1692195789-139,https://www.glassdoor.com/Salary/Amazon-Salaries-E6036.htm,Amazon,View More >,"https://www.glassdoor.com/Salary/Amazon-Business-Salaries-EI_IE6036.0,6_DEPT1003.htm",Amazon Business Salaries,Annual Pay,L5 Area Manager,"https://www.glassdoor.com/Salary/Amazon-L5-Area-Manager-Salaries-E6036_D_KO7,22.htm",/yr,$197K - $308K,$197K,$308K,$243K,"$242,712 ",Base Pay,"$132,397/yr",$114K - $153K,Bonus,"$24,827/yr",$19K - $35K,Stock,"$41,296/yr",$31K - $58K,Commission,"$44,192/yr",$33K - $62K,,,,United States,54.50%,10.20%,17%,18.20%,
1692195797-140,https://www.glassdoor.com/Salary/Amazon-Salaries-E6036.htm,Amazon,View More >,"https://www.glassdoor.com/Salary/Amazon-Business-Salaries-EI_IE6036.0,6_DEPT1003.htm",Amazon Business Salaries,Annual Pay,General Manager,"https://www.glassdoor.com/Salary/Amazon-General-Manager-Salaries-E6036_D_KO7,22.htm",/yr,$160K - $277K,$160K,$277K,$208K,"$207,630 ",Base Pay,"$105,064/yr",$83K - $133K,Bonus,"$22,384/yr",$17K - $31K,Stock,"$34,836/yr",$26K - $49K,Commission,"$45,346/yr",$34K - $63K,,,,United States,50.60%,10.80%,16.80%,21.80%,
1692195815-141,https://www.glassdoor.com/Salary/Amazon-Salaries-E6036.htm,Amazon,View More >,"https://www.glassdoor.com/Salary/Amazon-Business-Salaries-EI_IE6036.0,6_DEPT1003.htm",Amazon Business Salaries,Annual Pay,Area Manager I,"https://www.glassdoor.com/Salary/Amazon-Area-Manager-I-Salaries-E6036_D_KO7,21.htm",/yr,$62K - $91K,$62K,$91K,$74K,"$74,364 ",Base Pay,"$57,336/yr",$49K - $67K,Bonus,"$8,198/yr",$6K - $11K,Stock,"$8,830/yr",$7K - $12K,,,,,,,United States,77.10%,11%,11.90%,,
1692195823-142,https://www.glassdoor.com/Salary/Amazon-Salaries-E6036.htm,Amazon,View More >,"https://www.glassdoor.com/Salary/Amazon-Business-Salaries-EI_IE6036.0,6_DEPT1003.htm",Amazon Business Salaries,Annual Pay,Business Analyst I,"https://www.glassdoor.com/Salary/Amazon-Business-Analyst-I-Salaries-E6036_D_KO7,25.htm",/yr,$107K - $168K,$107K,$168K,$133K,"$133,225 ",Base Pay,"$98,994/yr",$81K - $120K,Bonus,"$15,346/yr",$12K - $21K,Stock,"$18,884/yr",$14K - $26K,,,,,,,United States,74.30%,11.50%,14.20%,,
1692195829-143,https://www.glassdoor.com/Salary/Amazon-Salaries-E6036.htm,Amazon,View More >,"https://www.glassdoor.com/Salary/Amazon-Business-Salaries-EI_IE6036.0,6_DEPT1003.htm",Amazon Business Salaries,Annual Pay,Supervisor,"https://www.glassdoor.com/Salary/Amazon-Supervisor-Salaries-E6036_D_KO7,17.htm",/yr,$56K - $95K,$56K,$95K,$73K,"$72,692 ",Base Pay,"$55,660/yr",$44K - $71K,Bonus,"$7,375/yr",$6K - $10K,Stock,"$9,657/yr",$7K - $14K,,,,,,,United States,76.60%,10.10%,13.30%,,
1692195834-144,https://www.glassdoor.com/Salary/Amazon-Salaries-E6036.htm,Amazon,View More >,"https://www.glassdoor.com/Salary/Amazon-Business-Salaries-EI_IE6036.0,6_DEPT1003.htm",Amazon Business Salaries,Annual Pay,Business Development Manager,"https://www.glassdoor.com/Salary/Amazon-Business-Development-Manager-Salaries-E6036_D_KO7,35.htm",/yr,$162K - $276K,$162K,$276K,$209K,"$208,832 ",Base Pay,"$109,037/yr",$87K - $137K,Bonus,"$23,290/yr",$17K - $33K,Stock,"$28,737/yr",$22K - $40K,Commission,"$47,768/yr",$36K - $67K,,,,United States,52.20%,11.20%,13.80%,22.90%,
1692195841-145,https://www.glassdoor.com/Salary/Amazon-Salaries-E6036.htm,Amazon,View More >,"https://www.glassdoor.com/Salary/Amazon-Business-Salaries-EI_IE6036.0,6_DEPT1003.htm",Amazon Business Salaries,Annual Pay,In Store Shopper,"https://www.glassdoor.com/Salary/Amazon-In-Store-Shopper-Salaries-E6036_D_KO7,23.htm",/yr,$34K - $47K,$34K,$47K,$40K,"$40,110 ",Base Pay,"$36,857/yr",$32K - $42K,Stock,"$3,254/yr",$2K - $5K,,,,,,,,,,United States,91.90%,8.10%,,,
1692195852-146,https://www.glassdoor.com/Salary/Amazon-Salaries-E6036.htm,Amazon,View More >,"https://www.glassdoor.com/Salary/Amazon-Business-Salaries-EI_IE6036.0,6_DEPT1003.htm",Amazon Business Salaries,Annual Pay,Amazon Prime Now Shopper,"https://www.glassdoor.com/Salary/Amazon-Amazon-Prime-Now-Shopper-Salaries-E6036_D_KO7,31.htm",/yr,$35K - $48K,$35K,$48K,$41K,"$40,673 ",Base Pay,"$37,659/yr",$32K - $44K,Stock,"$3,015/yr",$2K - $4K,,,,,,,,,,United States,92.60%,7.40%,,,
1692195860-147,https://www.glassdoor.com/Salary/Amazon-Salaries-E6036.htm,Amazon,View More >,"https://www.glassdoor.com/Salary/Amazon-Business-Salaries-EI_IE6036.0,6_DEPT1003.htm",Amazon Business Salaries,Annual Pay,Senior Vendor Manager,"https://www.glassdoor.com/Salary/Amazon-Senior-Vendor-Manager-Salaries-E6036_D_KO7,28.htm",/yr,$181K - $298K,$181K,$298K,$230K,"$229,988 ",Base Pay,"$150,267/yr",$121K - $186K,Bonus,"$30,147/yr",$23K - $42K,Stock,"$49,574/yr",$37K - $69K,,,,,,,United States,65.30%,13.10%,21.60%,,
1692195864-148,https://www.glassdoor.com/Salary/Amazon-Salaries-E6036.htm,Amazon,View More >,"https://www.glassdoor.com/Salary/Amazon-Business-Salaries-EI_IE6036.0,6_DEPT1003.htm",Amazon Business Salaries,Annual Pay,Area Manager Intern,"https://www.glassdoor.com/Salary/Amazon-Area-Manager-Intern-Salaries-E6036_D_KO7,26.htm",/yr,$51K - $79K,$51K,$79K,$63K,"$62,896 ",Base Pay,"$44,472/yr",$37K - $53K,Bonus,"$3,690/yr",$3K - $5K,Stock,"$4,934/yr",$4K - $7K,Commission,"$9,801/yr",$7K - $14K,,,,United States,70.70%,5.90%,7.80%,15.60%,
1692195874-149,https://www.glassdoor.com/Salary/Amazon-Salaries-E6036.htm,Amazon,View More >,"https://www.glassdoor.com/Salary/Amazon-Business-Salaries-EI_IE6036.0,6_DEPT1003.htm",Amazon Business Salaries,Annual Pay,Vendor Manager,"https://www.glassdoor.com/Salary/Amazon-Vendor-Manager-Salaries-E6036_D_KO7,21.htm",/yr,$128K - $208K,$128K,$208K,$162K,"$161,649 ",Base Pay,"$117,840/yr",$95K - $146K,Bonus,"$19,081/yr",$14K - $27K,Stock,"$24,729/yr",$19K - $35K,,,,,,,United States,72.90%,11.80%,15.30%,,
1692195879-150,https://www.glassdoor.com/Salary/Amazon-Salaries-E6036.htm,Amazon,View More >,"https://www.glassdoor.com/Salary/Amazon-Business-Salaries-EI_IE6036.0,6_DEPT1003.htm",Amazon Business Salaries,Annual Pay,Director,"https://www.glassdoor.com/Salary/Amazon-Director-Salaries-E6036_D_KO7,15.htm",/yr,$279K - $482K,$279K,$482K,$362K,"$362,056 ",Base Pay,"$174,922/yr",$139K - $220K,Bonus,"$45,641/yr",$34K - $64K,Stock,"$74,762/yr",$56K - $105K,Commission,"$66,731/yr",$50K - $93K,,,,United States,48.30%,12.60%,20.60%,18.40%,
1692195883-151,https://www.glassdoor.com/Salary/Amazon-Salaries-E6036.htm,Amazon,View More >,"https://www.glassdoor.com/Salary/Amazon-Business-Salaries-EI_IE6036.0,6_DEPT1003.htm",Amazon Business Salaries,Annual Pay,Business Analyst II,"https://www.glassdoor.com/Salary/Amazon-Business-Analyst-II-Salaries-E6036_D_KO7,26.htm",/yr,$119K - $181K,$119K,$181K,$145K,"$145,291 ",Base Pay,"$105,061/yr",$89K - $124K,Bonus,"$18,189/yr",$14K - $25K,Stock,"$22,041/yr",$17K - $31K,,,,,,,United States,72.30%,12.50%,15.20%,,
1692195889-152,https://www.glassdoor.com/Salary/Amazon-Salaries-E6036.htm,Amazon,View More >,"https://www.glassdoor.com/Salary/Amazon-Business-Salaries-EI_IE6036.0,6_DEPT1003.htm",Amazon Business Salaries,Annual Pay,Senior Manager,"https://www.glassdoor.com/Salary/Amazon-Senior-Manager-Salaries-E6036_D_KO7,21.htm",/yr,$208K - $341K,$208K,$341K,$263K,"$263,443 ",Base Pay,"$164,219/yr",$133K - $202K,Bonus,"$34,401/yr",$26K - $48K,Stock,"$64,823/yr",$49K - $91K,,,,,,,United States,62.30%,13.10%,24.60%,,
1692195899-153,https://www.glassdoor.com/Salary/Amazon-Salaries-E6036.htm,Amazon,View More >,"https://www.glassdoor.com/Salary/Amazon-Business-Salaries-EI_IE6036.0,6_DEPT1003.htm",Amazon Business Salaries,Annual Pay,Shopper,"https://www.glassdoor.com/Salary/Amazon-Shopper-Salaries-E6036_D_KO7,14.htm",/yr,$33K - $50K,$33K,$50K,$41K,"$40,622 ",Base Pay,"$35,522/yr",$29K - $43K,Stock,"$2,478/yr",$2K - $3K,Tips,"$2,621/yr",$2K - $4K,,,,,,,United States,87.40%,6.10%,6.50%,,
1692195907-154,https://www.glassdoor.com/Salary/Amazon-Salaries-E6036.htm,Amazon,View More >,"https://www.glassdoor.com/Salary/Amazon-Business-Salaries-EI_IE6036.0,6_DEPT1003.htm",Amazon Business Salaries,Annual Pay,Business Analyst,"https://www.glassdoor.com/Salary/Amazon-Business-Analyst-Salaries-E6036_D_KO7,23.htm",/yr,$107K - $168K,$107K,$168K,$133K,"$133,225 ",Base Pay,"$98,994/yr",$81K - $120K,Bonus,"$15,346/yr",$12K - $21K,Stock,"$18,884/yr",$14K - $26K,,,,,,,United States,74.30%,11.50%,14.20%,,
1692195918-155,https://www.glassdoor.com/Salary/Amazon-Salaries-E6036.htm,Amazon,View More >,"https://www.glassdoor.com/Salary/Amazon-Business-Salaries-EI_IE6036.0,6_DEPT1003.htm",Amazon Business Salaries,Annual Pay,Area Manager II,"https://www.glassdoor.com/Salary/Amazon-Area-Manager-II-Salaries-E6036_D_KO7,22.htm",/yr,$71K - $103K,$71K,$103K,$85K,"$84,977 ",Base Pay,"$64,162/yr",$56K - $74K,Bonus,"$9,784/yr",$7K - $14K,Stock,"$11,031/yr",$8K - $15K,,,,,,,United States,75.50%,11.50%,13%,,
1692195931-156,https://www.glassdoor.com/Salary/Amazon-Salaries-E6036.htm,Amazon,View More >,"https://www.glassdoor.com/Salary/Amazon-Business-Salaries-EI_IE6036.0,6_DEPT1003.htm",Amazon Business Salaries,Annual Pay,Manager,"https://www.glassdoor.com/Salary/Amazon-Manager-Salaries-E6036_D_KO7,14.htm",/yr,$137K - $244K,$137K,$244K,$181K,"$180,712 ",Base Pay,"$98,789/yr",$75K - $130K,Bonus,"$18,396/yr",$14K - $26K,Stock,"$26,313/yr",$20K - $37K,Commission,"$37,215/yr",$28K - $52K,,,,United States,54.70%,10.20%,14.60%,20.60%,
1692195942-157,https://www.glassdoor.com/Salary/Amazon-Salaries-E6036.htm,Amazon,View More >,"https://www.glassdoor.com/Salary/Amazon-Business-Salaries-EI_IE6036.0,6_DEPT1003.htm",Amazon Business Salaries,Annual Pay,Area Manager,"https://www.glassdoor.com/Salary/Amazon-Area-Manager-Salaries-E6036_D_KO7,19.htm",/yr,$78K - $126K,$78K,$126K,$98K,"$97,981 ",Base Pay,"$58,559/yr",$49K - $71K,Bonus,"$8,941/yr",$7K - $13K,Stock,"$9,860/yr",$7K - $14K,Commission,"$20,620/yr",$15K - $29K,,,,United States,59.80%,9.10%,10.10%,21%,
1692195960-158,https://www.glassdoor.com/Salary/Amazon-Salaries-E6036.htm,Amazon,View More >,"https://www.glassdoor.com/Salary/Amazon-Engineering-Salaries-EI_IE6036.0,6_DEPT1007.htm",Amazon Engineering Salaries,Annual Pay,Software Engineer(Internship),https://www.glassdoor.com/Salary/Amazon-Software-Engineer-Internship-Salaries-E6036_DAO.htm?filter.jobTitleExact=Software+Engineer%28Internship%29,/yr,$131K - $215K,$131K,$215K,$167K,"$166,768 ",Base Pay,"$116,414/yr",$94K - $145K,Bonus,"$20,340/yr",$15K - $28K,Stock,"$30,014/yr",$23K - $42K,,,,,,,United States,69.80%,12.20%,18%,,
1692195971-159,https://www.glassdoor.com/Salary/Amazon-Salaries-E6036.htm,Amazon,View More >,"https://www.glassdoor.com/Salary/Amazon-Engineering-Salaries-EI_IE6036.0,6_DEPT1007.htm",Amazon Engineering Salaries,Annual Pay,Software Development Engineer-II,https://www.glassdoor.com/Salary/Amazon-Software-Development-Engineer-II-Salaries-E6036_DAO.htm?filter.jobTitleExact=Software+Development+Engineer-II,/yr,$183K - $263K,$183K,$263K,$216K,"$216,364 ",Base Pay,"$143,604/yr",$128K - $161K,Bonus,"$26,225/yr",$20K - $37K,Stock,"$46,535/yr",$35K - $65K,,,,,,,United States,66.40%,12.10%,21.50%,,
1692195976-160,https://www.glassdoor.com/Salary/Amazon-Salaries-E6036.htm,Amazon,View More >,"https://www.glassdoor.com/Salary/Amazon-Engineering-Salaries-EI_IE6036.0,6_DEPT1007.htm",Amazon Engineering Salaries,Annual Pay,Software Development Engineer 1,"https://www.glassdoor.com/Salary/Amazon-Software-Development-Engineer-1-Salaries-E6036_D_KO7,38.htm",/yr,$181K - $269K,$181K,$269K,$218K,"$218,291 ",Base Pay,"$145,683/yr",$127K - $168K,Bonus,"$25,674/yr",$19K - $36K,Stock,"$46,933/yr",$35K - $66K,,,,,,,United States,66.70%,11.80%,21.50%,,
1692195983-161,https://www.glassdoor.com/Salary/Amazon-Salaries-E6036.htm,Amazon,View More >,"https://www.glassdoor.com/Salary/Amazon-Engineering-Salaries-EI_IE6036.0,6_DEPT1007.htm",Amazon Engineering Salaries,Annual Pay,Solutions Architect,"https://www.glassdoor.com/Salary/Amazon-Solutions-Architect-Salaries-E6036_D_KO7,26.htm",/yr,$234K - $386K,$234K,$386K,$297K,"$296,705 ",Base Pay,"$156,347/yr",$129K - $189K,Bonus,"$31,679/yr",$24K - $44K,Stock,"$52,596/yr",$39K - $74K,Commission,"$56,083/yr",$42K - $79K,,,,United States,52.70%,10.70%,17.70%,18.90%,
1692195990-162,https://www.glassdoor.com/Salary/Amazon-Salaries-E6036.htm,Amazon,View More >,"https://www.glassdoor.com/Salary/Amazon-Engineering-Salaries-EI_IE6036.0,6_DEPT1007.htm",Amazon Engineering Salaries,Annual Pay,Software Engineer II,"https://www.glassdoor.com/Salary/Amazon-Software-Engineer-II-Salaries-E6036_D_KO7,27.htm",/yr,$171K - $246K,$171K,$246K,$203K,"$202,699 ",Base Pay,"$136,151/yr",$121K - $153K,Bonus,"$23,664/yr",$18K - $33K,Stock,"$42,884/yr",$32K - $60K,,,,,,,United States,67.20%,11.70%,21.20%,,
1692196000-163,https://www.glassdoor.com/Salary/Amazon-Salaries-E6036.htm,Amazon,View More >,"https://www.glassdoor.com/Salary/Amazon-Engineering-Salaries-EI_IE6036.0,6_DEPT1007.htm",Amazon Engineering Salaries,Annual Pay,Senior Software Development Engineer,"https://www.glassdoor.com/Salary/Amazon-Senior-Software-Development-Engineer-Salaries-E6036_D_KO7,43.htm",/yr,$196K - $290K,$196K,$290K,$235K,"$235,244 ",Base Pay,"$151,865/yr",$133K - $173K,Bonus,"$27,241/yr",$20K - $38K,Stock,"$56,138/yr",$42K - $79K,,,,,,,United States,64.60%,11.60%,23.90%,,
1692196009-164,https://www.glassdoor.com/Salary/Amazon-Salaries-E6036.htm,Amazon,View More >,"https://www.glassdoor.com/Salary/Amazon-Engineering-Salaries-EI_IE6036.0,6_DEPT1007.htm",Amazon Engineering Salaries,Annual Pay,Data Engineer,"https://www.glassdoor.com/Salary/Amazon-Data-Engineer-Salaries-E6036_D_KO7,20.htm",/yr,$155K - $248K,$155K,$248K,$194K,"$194,467 ",Base Pay,"$134,071/yr",$110K - $164K,Bonus,"$24,206/yr",$18K - $34K,Stock,"$36,189/yr",$27K - $51K,,,,,,,United States,68.90%,12.40%,18.60%,,
1692196015-165,https://www.glassdoor.com/Salary/Amazon-Salaries-E6036.htm,Amazon,View More >,"https://www.glassdoor.com/Salary/Amazon-Engineering-Salaries-EI_IE6036.0,6_DEPT1007.htm",Amazon Engineering Salaries,Annual Pay,Quality Assurance Engineer II,"https://www.glassdoor.com/Salary/Amazon-Quality-Assurance-Engineer-II-Salaries-E6036_D_KO7,36.htm",/yr,$160K - $237K,$160K,$237K,$193K,"$192,914 ",Base Pay,"$133,341/yr",$115K - $154K,Bonus,"$22,874/yr",$17K - $32K,Stock,"$36,699/yr",$28K - $51K,,,,,,,United States,69.10%,11.90%,19%,,
1692196023-166,https://www.glassdoor.com/Salary/Amazon-Salaries-E6036.htm,Amazon,View More >,"https://www.glassdoor.com/Salary/Amazon-Engineering-Salaries-EI_IE6036.0,6_DEPT1007.htm",Amazon Engineering Salaries,Annual Pay,Data Engineer II,"https://www.glassdoor.com/Salary/Amazon-Data-Engineer-II-Salaries-E6036_D_KO7,23.htm",/yr,$171K - $258K,$171K,$258K,$208K,"$207,707 ",Base Pay,"$139,774/yr",$120K - $163K,Bonus,"$26,016/yr",$20K - $36K,Stock,"$41,917/yr",$31K - $59K,,,,,,,United States,67.30%,12.50%,20.20%,,
1692196031-167,https://www.glassdoor.com/Salary/Amazon-Salaries-E6036.htm,Amazon,View More >,"https://www.glassdoor.com/Salary/Amazon-Engineering-Salaries-EI_IE6036.0,6_DEPT1007.htm",Amazon Engineering Salaries,Annual Pay,Senior Software Engineer,"https://www.glassdoor.com/Salary/Amazon-Senior-Software-Engineer-Salaries-E6036_D_KO7,31.htm",/yr,$184K - $289K,$184K,$289K,$228K,"$228,067 ",Base Pay,"$147,613/yr",$123K - $176K,Bonus,"$24,878/yr",$19K - $35K,Stock,"$55,576/yr",$42K - $78K,,,,,,,United States,64.70%,10.90%,24.40%,,
1692196038-168,https://www.glassdoor.com/Salary/Amazon-Salaries-E6036.htm,Amazon,View More >,"https://www.glassdoor.com/Salary/Amazon-Engineering-Salaries-EI_IE6036.0,6_DEPT1007.htm",Amazon Engineering Salaries,Annual Pay,Software Development Engineer (SDE) II,https://www.glassdoor.com/Salary/Amazon-Software-Development-Engineer-SDE-II-Salaries-E6036_DAO.htm?filter.jobTitleExact=Software+Development+Engineer+%28SDE%29+II,/yr,$173K - $256K,$173K,$256K,$208K,"$208,373 ",Base Pay,"$139,075/yr",$121K - $159K,Bonus,"$26,030/yr",$20K - $36K,Stock,"$43,269/yr",$32K - $61K,,,,,,,United States,66.70%,12.50%,20.80%,,
1692196045-169,https://www.glassdoor.com/Salary/Amazon-Salaries-E6036.htm,Amazon,View More >,"https://www.glassdoor.com/Salary/Amazon-Engineering-Salaries-EI_IE6036.0,6_DEPT1007.htm",Amazon Engineering Salaries,Annual Pay,Software Developer,"https://www.glassdoor.com/Salary/Amazon-Software-Developer-Salaries-E6036_D_KO7,25.htm",/yr,$142K - $227K,$142K,$227K,$178K,"$178,235 ",Base Pay,"$126,259/yr",$103K - $154K,Bonus,"$20,481/yr",$15K - $29K,Stock,"$31,494/yr",$24K - $44K,,,,,,,United States,70.80%,11.50%,17.70%,,
1692196053-170,https://www.glassdoor.com/Salary/Amazon-Salaries-E6036.htm,Amazon,View More >,"https://www.glassdoor.com/Salary/Amazon-Engineering-Salaries-EI_IE6036.0,6_DEPT1007.htm",Amazon Engineering Salaries,Annual Pay,Software Development Manager,"https://www.glassdoor.com/Salary/Amazon-Software-Development-Manager-Salaries-E6036_D_KO7,35.htm",/yr,$254K - $387K,$254K,$387K,$309K,"$309,492 ",Base Pay,"$186,911/yr",$162K - $215K,Bonus,"$42,803/yr",$32K - $60K,Stock,"$79,778/yr",$60K - $112K,,,,,,,United States,60.40%,13.80%,25.80%,,
1692196060-171,https://www.glassdoor.com/Salary/Amazon-Salaries-E6036.htm,Amazon,View More >,"https://www.glassdoor.com/Salary/Amazon-Engineering-Salaries-EI_IE6036.0,6_DEPT1007.htm",Amazon Engineering Salaries,Annual Pay,Software Development Manager III,"https://www.glassdoor.com/Salary/Amazon-Software-Development-Manager-III-Salaries-E6036_D_KO7,39.htm",/yr,$252K - $379K,$252K,$379K,$305K,"$305,216 ",Base Pay,"$184,969/yr",$162K - $211K,Bonus,"$44,391/yr",$33K - $62K,Stock,"$75,856/yr",$57K - $106K,,,,,,,United States,60.60%,14.50%,24.90%,,
1692196067-172,https://www.glassdoor.com/Salary/Amazon-Salaries-E6036.htm,Amazon,View More >,"https://www.glassdoor.com/Salary/Amazon-Engineering-Salaries-EI_IE6036.0,6_DEPT1007.htm",Amazon Engineering Salaries,Annual Pay,Software Development Engineer III,"https://www.glassdoor.com/Salary/Amazon-Software-Development-Engineer-III-Salaries-E6036_D_KO7,40.htm",/yr,$191K - $277K,$191K,$277K,$227K,"$227,054 ",Base Pay,"$148,291/yr",$132K - $167K,Bonus,"$27,833/yr",$21K - $39K,Stock,"$50,930/yr",$38K - $71K,,,,,,,United States,65.30%,12.30%,22.40%,,
1692196074-173,https://www.glassdoor.com/Salary/Amazon-Salaries-E6036.htm,Amazon,View More >,"https://www.glassdoor.com/Salary/Amazon-Engineering-Salaries-EI_IE6036.0,6_DEPT1007.htm",Amazon Engineering Salaries,Annual Pay,Software Development Engineer (SDE),https://www.glassdoor.com/Salary/Amazon-Software-Development-Engineer-SDE-Salaries-E6036_DAO.htm?filter.jobTitleExact=Software+Development+Engineer+%28SDE%29,/yr,$172K - $256K,$172K,$256K,$208K,"$207,634 ",Base Pay,"$138,654/yr",$120K - $160K,Bonus,"$25,523/yr",$19K - $36K,Stock,"$43,456/yr",$33K - $61K,,,,,,,United States,66.80%,12.30%,20.90%,,
1692196081-174,https://www.glassdoor.com/Salary/Amazon-Salaries-E6036.htm,Amazon,View More >,"https://www.glassdoor.com/Salary/Amazon-Engineering-Salaries-EI_IE6036.0,6_DEPT1007.htm",Amazon Engineering Salaries,Annual Pay,Software Development Engineer I,"https://www.glassdoor.com/Salary/Amazon-Software-Development-Engineer-I-Salaries-E6036_D_KO7,38.htm",/yr,$168K - $249K,$168K,$249K,$202K,"$202,375 ",Base Pay,"$138,339/yr",$120K - $160K,Bonus,"$24,112/yr",$18K - $34K,Stock,"$39,924/yr",$30K - $56K,,,,,,,United States,68.40%,11.90%,19.70%,,
1692196088-175,https://www.glassdoor.com/Salary/Amazon-Salaries-E6036.htm,Amazon,View More >,"https://www.glassdoor.com/Salary/Amazon-Engineering-Salaries-EI_IE6036.0,6_DEPT1007.htm",Amazon Engineering Salaries,Annual Pay,Software Engineer,"https://www.glassdoor.com/Salary/Amazon-Software-Engineer-Salaries-E6036_D_KO7,24.htm",/yr,$162K - $250K,$162K,$250K,$199K,"$199,326 ",Base Pay,"$135,480/yr",$114K - $161K,Bonus,"$22,934/yr",$17K - $32K,Stock,"$40,912/yr",$31K - $57K,,,,,,,United States,68%,11.50%,20.50%,,
1692196094-176,https://www.glassdoor.com/Salary/Amazon-Salaries-E6036.htm,Amazon,View More >,"https://www.glassdoor.com/Salary/Amazon-Engineering-Salaries-EI_IE6036.0,6_DEPT1007.htm",Amazon Engineering Salaries,Annual Pay,Software Development Engineer,"https://www.glassdoor.com/Salary/Amazon-Software-Development-Engineer-Salaries-E6036_D_KO7,36.htm",/yr,$168K - $249K,$168K,$249K,$202K,"$202,375 ",Base Pay,"$138,339/yr",$120K - $160K,Bonus,"$24,112/yr",$18K - $34K,Stock,"$39,924/yr",$30K - $56K,,,,,,,United States,68.40%,11.90%,19.70%,,
1692196102-177,https://www.glassdoor.com/Salary/Amazon-Salaries-E6036.htm,Amazon,View More >,"https://www.glassdoor.com/Salary/Amazon-Engineering-Salaries-EI_IE6036.0,6_DEPT1007.htm",Amazon Engineering Salaries,Annual Pay,Software Development Engineer II,"https://www.glassdoor.com/Salary/Amazon-Software-Development-Engineer-II-Salaries-E6036_D_KO7,39.htm",/yr,$183K - $263K,$183K,$263K,$216K,"$216,364 ",Base Pay,"$143,604/yr",$128K - $161K,Bonus,"$26,225/yr",$20K - $37K,Stock,"$46,535/yr",$35K - $65K,,,,,,,United States,66.40%,12.10%,21.50%,,